etanolhidratado,ac,Prophet,0.389033761,72.72727273,42.04800503,0.959552407,430.3173161,425.075424,445.2980099,494.2915156,497.5329951,593.6065581,569.0288631,571.6117411,535.5527359,584.3103912,537.6938253,516.1424789
etanolhidratado,al,Prophet,0.260110921,27.27272727,-10.57490739,0.771029743,4989.388305,4347.292526,5149.680322,5283.345199,5630.136361,7798.273889,7525.105877,8556.104687,7397.076043,7637.612682,6841.75419,5467.469154
etanolhidratado,am,Prophet,0.174452714,72.72727273,16.64871131,0.618885088,10436.02116,9898.472839,10432.70124,11667.20033,13383.05936,15329.52941,15203.35749,14639.19539,12701.09435,13302.31242,9945.919217,10252.49194
etanolhidratado,ap,Prophet,0.286498358,45.45454545,35.6736914,0.652411996,21.30129154,20.49252669,23.32674486,26.10394916,27.6371343,28.73567196,37.10169709,36.3252023,38.4130172,35.19240066,27.86473306,27.60671185
etanolhidratado,ba,Prophet,0.139002553,63.63636364,-1.519358513,0.413375108,35442.57529,37535.81368,39810.67719,41426.52632,45765.57921,43600.7639,43931.37198,49418.31894,42807.22641,53802.13889,50862.59558,40213.33171
etanolhidratado,ce,Prophet,0.288265983,45.45454545,31.38252554,0.85449565,8783.152021,8405.517313,7882.330091,9224.114658,10024.71621,9676.811494,9074.180277,9595.297103,9161.511629,12034.09832,11537.59127,10443.21277
etanolhidratado,df,Prophet,0.57141348,72.72727273,63.86306455,1.034015316,7846.179993,6958.783166,7248.553983,7365.844243,7521.307095,7678.791232,6988.689569,7342.611258,5734.809627,7764.800327,5907.996661,6339.996474
etanolhidratado,es,Prophet,0.416808758,72.72727273,54.35398437,0.932184117,3558.694486,2973.75455,2956.747243,2988.781227,3163.63125,3296.599573,3309.730961,3685.347775,3253.495157,4055.145443,3989.764346,3801.350971
etanolhidratado,go,Prophet,0.117417562,72.72727273,4.686427694,0.524154737,109700.3719,111123.9169,114725.5233,108530.6771,114305.2373,119276.889,118848.4773,123535.7739,121761.7527,131204.6565,112356.2505,99488.01763
etanolhidratado,ma,Prophet,0.255176649,45.45454545,-0.67014899,0.532985698,2665.733127,2342.699671,2868.911915,3466.58557,4458.628594,5847.791366,5366.104341,5166.270784,4337.623053,4897.580091,3940.489071,2804.374289
etanolhidratado,mg,Prophet,0.132073776,72.72727273,-0.381473264,0.362247158,134684.5905,143039.4034,158945.5978,152294.0559,167133.7873,182378.1529,192437.9777,193194.4072,190059.1267,218745.0619,176063.6707,158046.4892
etanolhidratado,ms,Prophet,0.314885985,63.63636364,39.18858628,0.838019028,10379.67389,10462.21538,10888.37925,10215.21506,11984.52886,11752.40883,12184.44659,13477.28762,12457.7814,15064.38363,12599.95566,12219.80177
etanolhidratado,mt,Prophet,0.147960173,63.63636364,15.67766122,1.190064072,69671.67496,67390.04822,66344.02889,65936.0616,71149.69995,72894.9046,68564.04801,68403.59279,66304.09398,73714.77147,70896.32563,71586.98103
etanolhidratado,pa,Prophet,0.321870928,18.18181818,32.8756067,0.874736669,2886.719457,2894.613461,3341.5254,3600.673565,4009.214952,3992.423148,3811.408767,3702.220706,3250.931267,3524.854382,2932.417614,2589.662725
etanolhidratado,pb,Prophet,0.149267418,72.72727273,8.697200668,0.394843055,8743.654371,7763.638973,9020.981208,10416.06746,10524.09152,11087.99593,11277.35549,13085.85993,10872.27493,14937.52815,12838.20678,10507.09867
etanolhidratado,pe,Prophet,0.149723213,45.45454545,4.871581529,0.394564089,14194.94156,15006.50056,17968.96662,18681.10422,19467.96713,20287.6855,19346.17185,22076.12308,19235.01085,23823.89408,21721.03849,18312.10406
etanolhidratado,pi,Prophet,0.47142641,63.63636364,-41.97007511,1.03696027,4735.109445,5140.114647,5909.873964,7203.393208,8504.319,10288.96498,8981.265664,9659.316263,8025.310391,9594.71436,7965.21602,5297.758434
etanolhidratado,pr,Prophet,0.208542109,72.72727273,22.92376342,0.80312931,58916.09301,61503.04835,60081.00226,59518.71889,62690.1307,64220.92678,64578.37949,70507.81928,68476.17375,77733.54439,68755.46165,69503.85189
etanolhidratado,rj,Prophet,0.248455573,63.63636364,29.06434796,0.942750936,46763.12928,44652.02779,46725.11629,46080.47003,45732.34723,47472.28926,46328.19637,47122.62128,47526.69561,48790.4659,50230.10651,47443.61444
etanolhidratado,rn,Prophet,0.290736019,45.45454545,-16.34227254,0.814643881,3863.550332,3940.430739,3304.035193,4412.558895,4747.071571,5211.492061,5633.075168,7573.459726,6920.183835,8415.840459,7325.211449,5916.387074
etanolhidratado,ro,Prophet,0.356801569,54.54545455,40.35104248,0.820087471,546.3846811,617.0377382,623.8019537,803.0274248,886.0277085,971.3097299,954.9488398,862.5780458,787.2024734,843.8448251,646.3710213,521.2409692
etanolhidratado,rr,Prophet,0.228987385,36.36363636,23.26501754,0.766867033,193.3736019,188.5584643,202.9786349,215.2199432,223.4228869,230.2583114,274.880733,256.723812,250.2605197,261.5651106,222.5163049,206.2764843
etanolhidratado,rs,Prophet,0.384065022,54.54545455,48.2901679,0.98330392,3360.339415,3080.536757,3058.979334,3088.664999,3178.315781,3015.075107,3123.72859,3078.45961,2806.986155,2997.029226,2549.550301,1872.026343
etanolhidratado,sc,Prophet,0.447611604,54.54545455,55.22554355,0.98284099,5154.73382,4837.424934,4567.958403,4414.104033,4714.412642,4606.910571,4720.26491,5059.127674,4731.886361,5678.12009,5332.299215,5155.985102
etanolhidratado,se,Prophet,0.211043267,63.63636364,21.04185069,0.549808417,1900.761141,1733.757135,2088.768697,2193.900853,1990.91481,2385.639546,2164.724235,2660.075466,2142.06512,3358.216113,3926.654383,3717.857792
etanolhidratado,sp,Prophet,0.073735163,72.72727273,4.657300937,0.613472406,608530.1651,648763.1892,654679.8534,637677.5993,660837.8654,699020.5423,701705.0094,744511.0712,701472.5883,750283.411,693188.1867,672550.8193
etanolhidratado,to,Prophet,0.213456743,45.45454545,25.25385978,0.636405506,1656.925286,1731.302877,1950.408827,2017.004133,2644.347597,2487.083416,2394.150196,2594.977829,2506.829751,3153.309283,2406.723935,2043.597994
gasolinac,ac,Prophet,0.030055507,90.90909091,0.614891974,0.43353662,12975.74304,12605.18296,12969.34111,12934.7804,13590.0342,13395.85199,12975.56012,13012.59585,12608.16048,13781.2207,11708.01001,11188.75308
gasolinac,al,Prophet,0.048450346,81.81818182,4.404547471,0.588330629,40573.64998,39360.06577,37987.50886,36945.76312,36481.11685,40883.68777,40447.9166,42316.77869,39316.1748,46018.47085,43897.98377,37697.67553
gasolinac,am,Prophet,0.064124525,72.72727273,-4.841776583,0.589988081,57071.80963,54653.45061,55321.42477,53224.12609,54217.767,57469.59687,54663.66263,55966.97398,52258.29457,57017.1869,48488.01898,46663.17878
gasolinac,ap,Prophet,0.043946171,54.54545455,-1.944389404,1.088855173,16771.41781,16576.95435,16563.32676,16584.42205,16994.95228,17617.25132,17843.83637,17693.29829,17365.60413,18155.65919,15903.94043,15432.00654
gasolinac,ba,Prophet,0.068011797,45.45454545,5.581326915,0.760778717,189406.8959,191155.944,188971.5816,194498.5791,189234.474,176486.6456,181270.0011,170897.622,163725.9503,204215.2182,192512.413,159124.1332
gasolinac,ce,Prophet,0.042354256,81.81818182,3.118624058,0.664453182,122989.9865,120772.5766,125751.0049,118483.0141,127704.0392,124659.3419,122708.6607,124368.9886,121070.8487,134952.9674,123875.577,114299.4389
gasolinac,df,Prophet,0.07559015,81.81818182,-5.056215311,0.732061447,94100.08258,89508.00585,89388.57678,87961.27732,86546.52923,92214.81482,91880.21372,93827.772,90771.50878,94109.72597,82926.37806,86538.94393
gasolinac,es,Prophet,0.048371685,81.81818182,-2.628618158,1.475276391,83495.84395,82538.4652,81728.11195,81000.14137,83857.70719,84209.96235,83886.76092,86700.47588,84569.71797,92265.22542,89816.41655,85409.39106
gasolinac,go,Prophet,0.095476654,90.90909091,9.530155605,0.62746813,132424.5332,129764.4615,130282.7013,121089.6201,128779.3529,122437.6719,115708.3986,117819.8849,109028.1064,134186.8675,110765.0486,97428.29205
gasolinac,ma,Prophet,0.035185176,100,1.244703713,0.534538397,84864.17649,83184.23989,85987.1807,83036.55384,89929.24517,93014.91146,87785.06477,95463.40707,87770.42582,100586.8322,92699.30284,85616.8519
gasolinac,mg,Prophet,0.09814082,100,9.67097986,0.752467688,386928.2773,380692.2375,384524.0731,355392.8787,382970.4197,362976.3681,324476.9582,352203.1156,322551.2373,408926.0359,320168.9915,266940.7077
gasolinac,ms,Prophet,0.053876781,90.90909091,-4.010999925,0.393609849,71509.39297,71030.46363,69853.43264,67477.10435,69548.62915,72328.85925,71379.39913,73878.91508,64807.01959,76665.89542,64180.25649,53640.98225
gasolinac,mt,Prophet,0.048146573,72.72727273,-3.012016924,0.544904598,59150.05366,61261.92884,61689.28614,61534.64458,59535.5116,57485.61,56910.36447,56600.10786,52952.52666,55944.693,52026.11598,50693.7502
gasolinac,pa,Prophet,0.031473633,81.81818182,1.786793021,0.521287185,109972.6075,109742.095,112294.7888,110447.5767,119693.3491,111239.4039,116391.6916,120506.1896,115815.1955,126063.1492,111547.491,103379.4561
gasolinac,pb,Prophet,0.046144807,72.72727273,-1.46917604,0.582422432,61375.33911,60529.3718,61803.02496,62359.5169,62569.47805,65083.19368,65751.78647,66982.99193,63184.32501,72495.1852,66064.84849,58409.23088
gasolinac,pe,Prophet,0.070920739,100,6.418742675,0.85465428,122327.6429,116208.6025,121022.1901,114531.6737,109575.307,111142.7538,110727.7437,117272.6706,108774.013,122418.2858,112594.5968,97968.5627
gasolinac,pi,Prophet,0.067651619,90.90909091,6.889784202,0.672720341,47533.68603,46534.38197,48139.12524,47544.78862,50095.1333,51307.18743,47579.45256,48593.54919,46394.37007,54548.33603,51241.79402,46094.78603
gasolinac,pr,Prophet,0.053369471,72.72727273,5.003746718,0.490266224,289139.6226,272574.3558,284544.6573,257552.137,264717.8781,247632.4605,241982.6856,255998.8851,252425.3845,294706.0526,252020.619,234902.5316
gasolinac,rj,Prophet,0.111872886,63.63636364,11.06429675,0.894666917,203426.9416,188891.1342,184600.6667,171707.6402,165360.3821,170866.3285,171642.1539,188819.1409,172697.2131,213402.7735,168619.5121,138253.2395
gasolinac,rn,Prophet,0.06668592,90.90909091,5.684498817,0.853743583,54245.43673,51013.18109,54581.04007,50463.93309,51065.04689,51969.9706,51397.75602,53057.87671,50545.65626,57064.92472,55090.2651,52117.92862
gasolinac,ro,Prophet,0.039001441,63.63636364,-0.063217119,0.72507802,38558.50154,38796.29547,39239.05994,39850.44393,41819.11537,41695.44373,40307.00492,41651.21736,39848.06252,42953.82242,37886.86731,37287.51457
gasolinac,rr,Prophet,0.058842906,81.81818182,-4.692587969,1.055309629,16817.26405,16246.18622,15943.92012,15519.36675,15477.40529,15879.8936,16173.75207,16605.31762,15986.81841,16771.23809,15347.53342,14924.94991
gasolinac,rs,Prophet,0.045348847,72.72727273,3.620406294,0.830778715,326412.1274,312262.9955,306372.8652,296459.7452,310560.0146,315497.1386,298954.1893,310880.5551,293944.9111,323058.7787,315072.549,287923.6765
gasolinac,sc,Prophet,0.038975864,45.45454545,1.276249282,0.794059643,266471.5261,261631.5623,255132.3966,250599.5301,251407.2807,249768.4238,250296.7884,253286.9313,245587.4634,283379.6551,257685.3373,235531.4105
gasolinac,se,Prophet,0.074762095,90.90909091,7.019918331,0.916213039,34423.50127,33594.4047,33652.5778,33556.21998,31664.36987,32705.97856,32150.28959,31721.15066,30122.07805,34794.22168,32987.43567,29901.77454
gasolinac,sp,Prophet,0.038779817,81.81818182,-0.704074395,0.33643712,937617.0145,913948.9672,879632.7594,846982.5772,866204.6754,897672.6012,854137.0032,851050.8872,799016.3183,911799.6348,764284.4216,726467.9197
gasolinac,to,Prophet,0.057423888,72.72727273,4.019327503,0.783478994,34639.87281,35107.38741,33695.0429,33010.18984,37255.55965,34579.19178,34376.34382,34518.44617,32989.68866,36274.11907,33642.09693,31840.64041
gasolinadeaviacao,ac,Prophet,0.524222124,36.36363636,-8.985860177,0.490876636,69.85575111,54.33672045,74.75012413,76.74896448,59.71735221,97.30836691,78.7578615,90.25699732,45.42135625,43.74920245,70.27253831,19.16352376
gasolinadeaviacao,al,Prophet,0.393019251,63.63636364,33.36298137,0.88729982,22.83133828,20.78832726,20.39496192,16.73957241,8.36849075,12.25751295,13.85213205,9.145248164,6.237302033,9.061306118,10.48601466,3.891918569
gasolinadeaviacao,am,Prophet,2.31E+16,54.54545455,7.876665289,0.733894078,10.80626955,6.764853641,16.97080552,16.17863194,16.17515768,18.47981172,19.10568637,13.94427166,1.060197213,23.37074985,-7.614276375,1.292914383
gasolinadeaviacao,ap,Prophet,3.77E+16,36.36363636,-60.64428158,0.754918673,55.77934881,39.58290048,55.49544418,60.94305437,57.63639881,66.2532442,57.76622958,70.97556908,67.90247824,54.15085109,65.97322322,34.74215278
gasolinadeaviacao,ba,Prophet,0.342415451,54.54545455,8.417834481,0.887489608,95.16771629,72.04359832,103.1976419,102.8872718,126.4791863,143.648638,161.5136037,148.8883541,163.9145355,175.531308,200.523825,145.1834824
gasolinadeaviacao,ce,Prophet,0.27478579,72.72727273,25.15750164,0.975365439,21.67231384,25.54985818,26.35812829,25.54891102,30.95367133,29.42315052,31.66546271,28.52700243,24.97788249,31.57459746,23.43054988,25.10123564
gasolinadeaviacao,df,Prophet,0.214780775,63.63636364,19.6139734,0.912775727,22.59752005,29.02232799,36.45915691,35.02857656,36.94535666,32.84777558,29.30025682,28.05439961,28.17810652,33.49596662,29.07167629,32.1403657
gasolinadeaviacao,es,Prophet,0.194301172,63.63636364,8.281935038,0.576058508,30.9839514,27.95880146,33.31919466,35.06917375,31.27853394,42.85673978,46.71291546,47.24352615,45.61474612,43.30827908,33.09513398,40.82097836
gasolinadeaviacao,go,Prophet,0.199654038,72.72727273,-5.723587407,0.809191318,334.2344282,288.434211,290.8464694,243.8325995,262.1835955,241.8365893,229.1047196,220.2727202,274.3831745,335.0254954,363.2830129,297.3844621
gasolinadeaviacao,ma,Prophet,0.332231584,72.72727273,22.4978695,0.716497002,34.13543306,23.96335572,30.9852328,41.5841336,56.70312209,68.23725882,53.63197767,55.36765635,39.60011594,57.79159167,56.96674366,55.72795171
gasolinadeaviacao,mg,Prophet,0.22328622,54.54545455,-5.748667641,0.737486448,291.3609968,297.1646074,314.060028,318.401501,333.1704735,321.1696003,308.61602,255.3566892,234.1563425,279.7064187,292.1750828,293.647151
gasolinadeaviacao,ms,Prophet,0.160975712,45.45454545,0.370705426,0.823707219,200.9415539,179.3857301,188.8378837,161.6894531,182.1944672,172.26422,177.8148595,213.1103,226.9515028,234.7812715,250.6423519,208.9733506
gasolinadeaviacao,mt,Prophet,0.245029407,45.45454545,9.358862333,0.980088599,351.5433698,316.5023,311.6346055,281.8739697,309.9152686,330.6404134,343.0604744,336.5691407,415.3123407,545.0259387,481.5686759,437.5262971
gasolinadeaviacao,pa,Prophet,0.307961313,63.63636364,-27.3469065,0.857613254,243.9225703,255.9196007,289.36734,338.7037212,341.3666199,377.6392285,388.4946616,315.3393676,281.9217114,317.4396362,252.0475155,235.4947703
gasolinadeaviacao,pb,Prophet,5.16565E+15,63.63636364,-48.9405388,0.893931382,7.961508772,3.898279239,11.40501981,10.16802154,13.76405705,15.53350985,18.26204755,20.55690807,15.15794628,18.07090493,20.21057541,16.72327928
gasolinadeaviacao,pe,Prophet,0.520053401,27.27272727,-6.256222094,0.757425164,33.30907203,31.97560024,35.72075485,30.05299891,34.48184698,32.01023793,32.62455764,31.4414352,33.49584354,36.54482038,32.92126705,30.16024264
gasolinadeaviacao,pi,Prophet,1.50E+16,45.45454545,-43.89605623,0.810618027,29.96014618,23.59590708,31.80866761,34.28772736,37.74328253,43.42121447,39.85633246,37.17484037,37.91789565,36.99406294,38.12239476,35.99381317
gasolinadeaviacao,pr,Prophet,0.241314116,63.63636364,-12.87606038,0.55939958,282.4776576,235.0781453,240.5136489,242.6307052,247.6455136,243.0010919,242.9503642,244.6301121,294.0544462,345.1472344,363.7086576,357.1581953
gasolinadeaviacao,rj,Prophet,0.114072141,63.63636364,4.327311427,0.686178345,102.7888666,100.077568,92.65492092,92.679124,93.32508569,104.2748114,105.481568,106.2243769,97.9465798,114.8626444,106.1936327,102.9770063
gasolinadeaviacao,rn,Prophet,3.11898564,27.27272727,24.6895112,0.920505734,6.496070703,7.858418619,7.423793308,7.783052987,6.109531589,8.887690559,9.222205386,6.813627048,9.439980511,8.11072887,6.239844456,5.712006137
gasolinadeaviacao,ro,Prophet,1.481000015,45.45454545,-72.69679059,0.77692865,68.94474438,60.16457894,49.975059,87.61231091,75.57942169,74.53336073,84.93588124,102.9166334,100.5352248,98.21136292,79.71105064,43.22077525
gasolinadeaviacao,rr,Prophet,1.559437355,63.63636364,-127.5378533,0.978887122,222.2009982,199.5557891,188.5499678,175.7485679,179.3422702,206.9550429,197.9219398,219.7357034,218.1709132,240.5505529,225.0461003,195.3719225
gasolinadeaviacao,rs,Prophet,0.290155736,63.63636364,17.79708926,0.845249018,217.8250018,139.7079316,164.1747151,103.2901669,118.3983106,127.9038119,160.0402426,214.1303545,247.8113018,318.3291651,351.9035692,230.8235845
gasolinadeaviacao,sc,Prophet,0.20071415,36.36363636,16.31868235,0.706937828,141.1244855,144.2194819,138.1208768,135.1842774,116.4247797,114.7837791,107.4812172,115.8715011,108.556729,117.8216213,140.1582118,126.5468822
gasolinadeaviacao,se,Prophet,4.74642E+15,18.18181818,23.91622506,1.131995823,1.122507681,2.689052891,2.816322021,3.096965826,2.910302819,1.933928522,1.008008571,2.016752095,2.328642275,1.547230301,2.480116322,0.684575326
gasolinadeaviacao,sp,Prophet,0.190987143,45.45454545,16.89601781,0.904318303,603.1121392,517.5350889,491.6093176,425.9054919,444.8455537,510.8184031,446.2180582,489.0988909,510.8053399,580.7852734,607.0214635,639.345644
gasolinadeaviacao,to,Prophet,0.408580708,81.81818182,-9.023784606,0.87042595,100.5348333,52.069755,86.07587038,136.8751865,150.1315631,170.9933813,164.5476667,103.7718789,130.5583724,193.8812223,177.0320662,172.8687021
glp,ac,Prophet,0.036411859,81.81818182,2.264474411,0.791315965,3216.221155,3135.94936,3167.881766,3102.328013,3178.563427,3105.489499,3022.665663,3114.082093,3077.770829,3288.283837,3120.841687,3070.238316
glp,al,Prophet,0.044924456,72.72727273,4.076213034,0.983561456,14667.45702,14270.72145,14824.00244,14747.76811,15589.00546,15535.53296,15141.92312,15539.81812,14939.0757,15639.86921,14631.38489,13750.34393
glp,am,Prophet,0.034125877,72.72727273,-0.069700066,0.747979103,15447.54736,15112.14761,15509.65908,14905.83897,15349.36636,15173.30598,14671.7572,14891.63638,14747.32171,15503.14776,14796.73292,14181.18016
glp,ap,Prophet,0.031875577,63.63636364,1.08093576,1.167289303,2749.567965,2697.274593,2754.440081,2669.575069,2700.8106,2678.798294,2616.544543,2691.337314,2581.025511,2805.937946,2568.036364,2566.061243
glp,ba,Prophet,0.065533888,72.72727273,-5.626008265,1.282080372,75993.41149,74050.66921,77310.55925,78895.36273,82552.03083,82592.03577,78188.23797,78250.14955,74275.45907,78637.00786,72195.43125,66011.76654
glp,ce,Prophet,0.030803887,63.63636364,1.549520552,1.024948624,42851.14728,42952.3365,44170.62309,44432.7134,45124.33859,44641.65984,44003.33133,43814.33036,42225.67798,44001.8135,41962.56826,39509.88978
glp,df,Prophet,0.026750848,63.63636364,-0.131073086,0.593022643,14684.77129,14387.12742,14609.50504,14817.38436,15025.64665,14991.00094,14191.86338,14341.23954,14161.06867,14995.25606,13313.78671,13265.63228
glp,es,Prophet,0.03390252,54.54545455,-1.423928583,0.698014721,21486.7929,21808.1285,23687.13004,23380.46195,24220.69533,24788.19221,23495.76362,23699.7077,22209.38067,23501.4781,21833.02216,20493.59088
glp,go,Prophet,0.027345787,90.90909091,2.171220188,0.959418485,49293.04323,46778.40752,48597.09602,47312.56103,48282.68027,48569.34538,46414.83438,47597.88099,46873.41883,47966.46171,46602.02415,45216.30297
glp,ma,Prophet,0.033004322,63.63636364,1.632792119,0.702787664,27578.00915,27121.07067,27487.28719,26866.13747,27509.73877,27250.46387,26415.6993,26701.24113,25941.13362,27155.06356,25742.80714,24690.92598
glp,mg,Prophet,0.119281194,63.63636364,10.35918995,1.179236135,106671.5638,104395.0053,108714.5475,109376.0612,111541.4366,110456.2461,105318.0029,106655.5958,104612.6978,107813.0012,101265.2249,98523.38548
glp,ms,Prophet,0.032478385,63.63636364,-1.170740518,0.917090819,15237.32102,14690.2424,15338.35517,15502.43914,16017.87853,15789.32951,14923.5169,15093.0611,14586.81879,15151.13172,14312.79986,13780.33451
glp,mt,Prophet,0.032382223,72.72727273,-0.358640154,1.057401956,21329.4124,20259.16496,20523.44155,20355.24397,20946.88351,20451.90735,19694.29747,20061.43446,19466.73829,20016.32072,19426.55705,18949.11649
glp,pa,Prophet,0.034300645,81.81818182,2.929904594,0.897226992,33897.80815,33178.80561,33600.12032,32982.98085,33020.86175,33254.12712,32503.44246,33553.87581,32454.8668,34003.05643,32055.19789,31253.40779
glp,pb,Prophet,0.031917398,72.72727273,3.093524319,0.78101757,20656.17573,20016.30651,20779.54386,20999.5221,21799.06123,21880.48341,21363.66959,21126.71002,20452.39137,21451.48408,19917.74873,18985.717
glp,pe,Prophet,0.027502886,100,1.806207007,0.879218033,44835.66738,42994.45699,45675.53524,46024.76212,48124.6214,48792.06872,46922.67576,46870.74057,44139.07204,47856.56678,42402.76995,40228.42666
glp,pi,Prophet,0.062739683,54.54545455,5.994390024,0.87890216,14657.10125,14529.58366,14655.57821,14622.79307,14763.42262,14636.93355,14148.26568,14217.8273,13638.56706,14303.17024,13812.26812,13010.94582
glp,pr,Prophet,0.030284154,54.54545455,1.714753451,1.005492197,83106.44692,81672.45065,87611.47687,89852.06285,91580.76937,88107.84675,85425.07419,85048.43921,80919.90624,81509.00347,76499.60369,75135.20763
glp,rj,Prophet,0.061007863,100,-6.098309137,1.091972198,80159.56053,79310.12948,85053.25124,86419.48645,87858.33118,87852.40261,84175.10207,84509.66076,80437.28308,85016.90435,75201.13072,72069.68233
glp,rn,Prophet,0.02803439,72.72727273,0.671945215,1.343499099,17043.30006,16580.7798,17100.05395,17031.11189,17846.63667,17713.47422,17467.37973,17520.42417,17122.60352,17999.39156,16714.30346,15899.68504
glp,ro,Prophet,0.032971867,54.54545455,1.135351943,1.013382803,8009.737076,7578.520491,7729.581671,7540.771865,7687.171969,7604.266631,7247.124014,7407.264365,7250.584551,7822.840793,6994.360367,7016.119587
glp,rr,Prophet,0.018057376,81.81818182,-0.256851254,0.580431695,2522.860234,2412.031842,2519.024128,2471.639989,2591.702976,2507.352941,2446.146687,2461.879139,2405.801362,2519.675096,2369.647126,2333.023744
glp,rs,Prophet,0.027774111,54.54545455,0.086384035,0.765067354,65663.9817,66901.91936,70906.06731,74431.66507,74549.23236,73586.97388,69060.25086,68474.29784,64465.19514,63719.2883,58810.24615,57484.39968
glp,sc,Prophet,0.072211746,72.72727273,5.930833049,1.338105921,46051.37064,44784.57029,46832.45732,47533.42359,48138.63505,45662.36589,45095.19172,46318.60576,44656.23869,44105.79617,42346.99785,41423.60158
glp,se,Prophet,0.040083489,72.72727273,2.221212891,0.563532439,11833.56961,11366.55345,12039.92282,11951.31903,12641.1449,12269.58473,12049.51468,12091.63719,11501.92527,11798.88003,10736.44355,10142.96344
glp,sp,Prophet,0.027648311,90.90909091,-0.944003616,0.700570038,267823.3483,262341.5889,273031.5166,278207.5769,281995.9547,282144.2341,272811.9808,274508.2848,264878.2509,269118.738,250829.0622,247461.4846
glp,to,Prophet,0.046925993,63.63636364,3.819301094,1.031811962,7543.990965,7227.064583,7103.404778,6983.344456,7100.007244,7132.171649,6941.415557,7014.639442,7039.056295,7302.122613,6898.640911,6647.695996
oleocombustivel,ac,Prophet,0,0,0,nan,0,0,0,0,0,0,0,0,0,0,0,0
oleocombustivel,al,Prophet,0.549093665,63.63636364,26.33370527,1.173090941,41.02826862,35.16403043,29.50777987,31.01968584,34.8356182,38.12863263,36.11134883,37.22258596,43.72780483,43.59966302,36.31269788,36.65827893
oleocombustivel,am,Prophet,0.372524502,45.45454545,17.26157206,1.086849061,99.77229072,90.05275024,86.72072628,64.45818,106.1800412,107.7668925,110.7634451,96.09458191,133.863844,122.2894215,122.0187018,100.9259301
oleocombustivel,ap,Prophet,0,0,0,nan,0,0,0,0,0,0,0,0,0,0,0,0
oleocombustivel,ba,Prophet,0.48754448,27.27272727,50.93503682,1.144182133,8953.124374,7699.460262,7190.147409,8024.562948,8457.346226,8185.348348,5987.993972,8089.813122,7426.91605,5471.963789,5990.913248,4353.645724
oleocombustivel,ce,Prophet,0.312279203,63.63636364,35.38476986,0.849633113,71.16221911,67.25931446,67.81137509,83.0519643,74.49153265,57.9195153,48.18301676,62.37743757,60.1982335,58.13782942,59.9616755,44.13885136
oleocombustivel,df,Prophet,0.799070366,36.36363636,-40.5057135,1.248134251,51.29218404,57.11261844,54.29592576,58.79214089,61.02672978,55.22388858,53.63998125,52.01771406,42.36842451,38.02328267,26.35399232,17.21097366
oleocombustivel,es,Prophet,1.89E+17,45.45454545,57.72305786,0.788875279,1076.311995,655.2397164,597.8628594,-85.26052858,13.97368363,503.6299237,370.6149225,402.932853,617.7822751,629.3574305,391.1302061,72.72260996
oleocombustivel,go,Prophet,0.218755419,54.54545455,-4.182334253,0.812687732,4996.510051,4571.420272,4434.582362,4251.940037,4600.062926,4882.681131,5189.221167,4969.899075,4805.478748,5095.582055,5377.467737,4162.102126
oleocombustivel,ma,Prophet,0.121650429,54.54545455,-2.829747765,0.737776443,32729.91189,30622.0339,31726.19325,31460.71883,31800.27632,30611.73687,33151.90588,33045.09619,34332.37461,35537.44509,35930.0874,32245.51607
oleocombustivel,mg,Prophet,0.266048253,45.45454545,-24.71719933,0.718224833,11981.5393,11467.03535,13005.37511,12335.03087,13463.90607,13676.42718,14311.88683,14312.45652,13342.68445,13315.99515,12826.89038,10396.27356
oleocombustivel,ms,Prophet,1.24E+17,54.54545455,16.04747285,0.78981126,626.4461867,376.4303635,200.7355207,251.7109023,203.9037989,198.1229206,164.5315237,133.6261491,302.5933065,329.4693042,287.5826916,314.2392043
oleocombustivel,mt,Prophet,5.38E+16,27.27272727,-33.3451969,0.709541765,45.18116214,55.12139052,66.25337083,34.62037491,43.52044228,25.22160194,17.76807792,9.750216768,12.41398109,9.033280961,9.460800595,20.20497677
oleocombustivel,pa,Prophet,0.039000098,45.45454545,-1.353446777,0.644510652,64553.40635,64683.00562,61649.17383,61554.34159,62196.8471,62352.51743,61209.39219,61387.87641,61789.65088,62699.10306,63119.07751,59299.98394
oleocombustivel,pb,Prophet,2.80E+16,27.27272727,97.11359687,0.923557954,4.634308017,-4.777440694,-13.94397814,-7.381752605,-20.22359318,-10.89816897,4.621898606,21.63006613,46.79173068,63.4467834,79.86493292,8.17298055
oleocombustivel,pe,Prophet,0.551081199,54.54545455,58.07319507,0.990061202,211.7213839,178.5215313,184.7662547,214.3903338,236.1018537,224.2249866,213.4679662,193.3698998,170.1871967,164.5487331,161.0984116,133.4739128
oleocombustivel,pi,Prophet,1.56E+16,45.45454545,8.322896558,2.848758047,3.502866819,4.52900922,4.251761531,7.460205891,11.82528929,7.543697142,9.070229665,10.892347,9.498859974,10.56505456,10.90492623,8.398626352
oleocombustivel,pr,Prophet,0.083061246,54.54545455,-3.713912432,0.508262196,12503.26364,12752.97699,12086.91019,12410.13348,12524.24373,12310.96855,11623.16913,12151.56779,11342.4718,11385.06109,11706.8304,10377.74286
oleocombustivel,rj,Prophet,2.44E+17,27.27272727,84.26781765,1.18010647,563.8864074,-134.1407375,345.9444135,471.8184521,505.0345874,650.0469,120.7542985,227.3083786,553.5221756,449.0168813,143.2551185,-190.7199967
oleocombustivel,rn,Prophet,0,0,0,nan,0,0,0,0,0,0,0,0,0,0,0,0
oleocombustivel,ro,Prophet,0.5,0,100,1,0,0,0,0,0,0,0,0,0,0,0,0
oleocombustivel,rr,Prophet,0,0,0,nan,0,0,0,0,0,0,0,0,0,0,0,0
oleocombustivel,rs,Prophet,0.511269169,45.45454545,52.58401474,1.02332021,4190.846429,4059.47306,4311.031937,4938.28177,5096.495819,5223.99345,4306.23441,4832.605166,4706.491504,4079.424624,4060.872886,2145.371682
oleocombustivel,sc,Prophet,0.178982912,45.45454545,-10.76012097,0.535197918,3020.74078,2693.827135,2869.508874,3215.707498,3388.577039,3377.571896,3111.838231,3591.11676,3204.039458,2184.593109,2688.598455,2383.257173
oleocombustivel,se,Prophet,7.35566E+15,63.63636364,-16.65515864,0.721522613,25.99655184,19.59941864,22.88826714,23.18775237,28.62335383,28.65866219,29.51920113,31.19623161,31.25740415,26.11898825,23.63955737,13.8312376
oleocombustivel,sp,Prophet,0.288491887,63.63636364,-20.47253053,0.741850752,9194.152801,8857.93991,9740.893527,9779.164329,9807.04816,10159.34247,9540.921293,10062.32302,9619.714118,9471.661568,9325.03486,8814.580146
oleocombustivel,to,Prophet,2.82E+16,0,-7.29E+23,0.606560232,15.17428499,7.827473429,7.936471444,6.572209133,13.12773305,9.762483429,4.434305101,4.426804661,2.124946177,-0.862767345,2.556974872,-0.200784613
oleodiesel,ac,Prophet,0.076881346,81.81818182,-2.897804246,1.099684359,12482.38444,12389.79331,13298.63109,13494.31557,14786.03269,15003.08482,14826.19687,15899.43383,14040.39975,13492.30336,13971.9499,12512.30346
oleodiesel,al,Prophet,0.067794711,63.63636364,5.075107222,1.2908075,33881.01232,30305.01071,28529.23854,28698.95421,29026.87684,30621.71857,32687.57784,37756.50638,37837.22538,38692.04342,37311.08732,33713.71711
oleodiesel,am,Prophet,0.172163005,63.63636364,-11.64164644,0.937788379,84215.38667,83426.26739,83251.30362,83336.39187,85854.5417,88204.17184,85685.18122,89051.5712,87142.39405,89335.88733,86578.05647,84571.71594
oleodiesel,ap,Prophet,0.082987721,72.72727273,-7.770566345,0.588680238,7582.056872,7787.429886,7967.156555,8312.25487,9184.882277,10029.2481,9768.718387,10336.38144,10129.59871,9570.656207,8938.128563,8248.969056
oleodiesel,ba,Prophet,0.079267036,81.81818182,7.819623638,0.879857646,263705.0685,266383.4063,270246.3292,262212.3281,276256.6483,285809.2476,284798.0927,294233.3846,277522.913,276088.8827,259506.2066,245699.6423
oleodiesel,ce,Prophet,0.058195945,90.90909091,4.415944694,0.834344877,87644.66173,84763.41103,88456.69542,90807.29095,95984.86608,97776.38632,95103.57782,97659.20057,95156.41588,97999.03706,93625.59625,86046.56322
oleodiesel,df,Prophet,0.041589774,72.72727273,-2.443084372,1.119062407,32423.99971,31890.41615,33029.28279,32504.28007,34214.11239,36354.26082,35128.08942,36037.29952,33720.55529,33504.06094,29665.38446,30010.67143
oleodiesel,es,Prophet,0.036478604,72.72727273,1.005176229,0.821434291,109133.6635,105646.1943,109282.1061,110600.4802,114110.6576,117899.9513,113039.3079,115843.1268,109386.1645,110927.4613,110338.3472,103685.2458
oleodiesel,go,Prophet,0.063670146,100,5.25921975,1.079036258,280917.1434,272019.7008,272639.1084,276143.8933,303035.7977,306371.8419,294442.4964,310538.7623,285608.7825,252089.6111,230756.1835,247407.487
oleodiesel,ma,Prophet,0.073893301,90.90909091,6.916826239,0.967564856,124216.0788,120494.8186,123749.9835,129072.8105,137296.3397,140156.2065,136310.1006,144489.9657,138407.4866,139010.1735,124489.4882,116153.0948
oleodiesel,mg,Prophet,0.046755807,100,3.679331069,0.799360116,655596.1234,644216.0665,668459.456,662436.1951,695102.504,712915.2125,704203.9094,710311.4504,652662.0161,619169.6289,587980.5992,571151.5904
oleodiesel,ms,Prophet,0.07402364,63.63636364,5.090576247,0.900253473,167559.4945,152787.997,150584.6121,156464.1318,171717.8849,176819.5062,171441.2311,178079.4992,159686.2658,142734.6291,142057.7185,153359.277
oleodiesel,mt,Prophet,0.106330094,72.72727273,5.161210479,1.18958038,337225.225,295350.3907,288683.8969,323327.0869,343650.96,345730.5751,336188.7603,343714.4953,303381.2946,254289.936,271708.5475,322990.3226
oleodiesel,pa,Prophet,0.047755402,72.72727273,3.2842898,1.173052085,227757.0406,223937.115,232083.1173,240768.373,252108.9393,255210.1278,253815.8721,259834.6884,245634.8931,243385.7444,237519.3404,220570.8208
oleodiesel,pb,Prophet,0.08952861,81.81818182,9.098623409,1.183345343,36043.76572,33115.9701,33695.03921,32818.76097,35790.76804,37809.32091,38382.60969,40221.366,37683.75737,39091.6811,38309.30509,34213.68316
oleodiesel,pe,Prophet,0.041092224,72.72727273,1.349255397,1.038281689,126646.1074,122812.8894,123404.4078,122962.0995,122408.3509,127416.6073,129581.8413,138146.0041,136279.3727,135764.729,130964.8043,126412.7678
oleodiesel,pi,Prophet,0.062947844,72.72727273,4.744093099,1.120484585,48034.18902,48463.14076,50025.53028,51515.31156,54738.21695,54932.41188,52070.79909,55208.39496,55094.00692,56289.55565,51146.43336,46862.74381
oleodiesel,pr,Prophet,0.065492883,63.63636364,5.51985311,0.92625965,547076.5635,512313.6879,505796.0262,505231.6908,525379.4971,543646.4869,528406.3463,535452.2906,502039.4015,479706.1057,468092.3407,494698.6447
oleodiesel,rj,Prophet,0.068849675,81.81818182,6.586928037,0.906097854,220894.2786,212408.8808,219051.9551,216488.9957,224204.6034,226103.5867,214120.5686,217477.2133,206709.7632,218712.455,207209.2344,192670.1706
oleodiesel,rn,Prophet,0.043536653,81.81818182,0.961999698,1.069889524,38236.63182,37118.21445,37278.00845,36929.11959,37914.30694,38993.98388,39855.35702,41295.39172,41653.97546,42675.39037,40695.24842,37567.61563
oleodiesel,ro,Prophet,0.097856467,54.54545455,-3.240659323,0.936709184,79409.39269,66300.26641,69291.2523,79200.1102,89381.9845,86899.85754,92408.8593,89583.64127,87295.00176,82250.04998,68108.29137,64283.23799
oleodiesel,rr,Prophet,0.296804326,63.63636364,-29.17741187,1.075415443,24382.77691,22726.75517,20763.10303,18235.92291,19163.9541,22683.03987,28523.94819,31158.36381,30476.75953,33540.24452,27430.50227,25513.8017
oleodiesel,rs,Prophet,0.056604916,90.90909091,1.233418215,0.853954515,362046.3772,360440.0406,329776.7178,312430.5723,307527.189,336631.2177,322240.2378,350832.7315,343768.4868,300625.8032,286139.2846,278704.909
oleodiesel,sc,Prophet,0.043666601,45.45454545,2.905034776,0.980001641,259404.7852,251103.3266,248479.5495,241074.6204,247716.9791,254147.2353,248620.4939,252237.9212,244497.7445,240040.773,237011.2596,235639.9827
oleodiesel,se,Prophet,0.066534443,81.81818182,-5.489541364,1.299853314,33287.72653,31299.13723,32556.54979,31613.00333,30873.45339,32629.71378,33458.42949,35053.44158,34771.74773,36648.39087,34390.93148,31832.75026
oleodiesel,sp,Prophet,0.05154956,81.81818182,5.003565827,0.841712758,1060284.601,1036558.479,1095924.589,1120227.129,1149948.799,1204845.949,1172897.312,1189492.456,1086786.025,1016632.557,931926.5462,939332.9392
oleodiesel,to,Prophet,0.044081337,63.63636364,-1.834905845,1.085633875,106183.1356,101814.6959,104767.804,108027.7951,112294.7523,112108.4259,112747.9136,117775.9676,108937.5518,104150.4871,98873.32871,97855.43335
querosenedeaviacao,ac,Prophet,0.191445273,72.72727273,-18.18653445,1.221229338,720.0670202,898.0511613,776.5741438,785.4459806,852.7381216,771.3814382,814.6315077,938.5071866,901.7201176,1074.51244,996.119087,866.2584692
querosenedeaviacao,al,Prophet,0.19854089,81.81818182,-11.61412948,0.881440811,4832.32233,4551.938618,4511.760403,4379.465323,5095.884593,4626.320806,4457.125924,4665.882009,4690.40866,5371.738336,5355.078698,4974.85072
querosenedeaviacao,am,Prophet,0.422695083,81.81818182,-42.60959372,0.848631723,8929.199,7591.271601,8263.153435,8469.278215,9974.275194,9616.725739,8738.178426,10220.71086,11014.66983,11412.92079,10886.96282,8673.808077
querosenedeaviacao,ap,Prophet,0.142047457,63.63636364,1.756174311,0.564562078,368.5381186,400.3916327,461.9374807,393.2197043,417.2681381,374.1007319,335.1551584,395.9223571,367.1700274,374.3060833,343.4426829,311.4406284
querosenedeaviacao,ba,Prophet,0.096358745,90.90909091,8.588287727,1.117286322,17129.01085,13074.7725,12379.83078,12207.51174,16592.98872,14444.5556,14230.92209,16662.61398,15840.41129,19795.84244,21324.06477,16195.10688
querosenedeaviacao,ce,Prophet,0.107663738,90.90909091,-10.51856716,1.168332912,17392.78564,16442.46807,18119.57036,17336.32388,19696.0363,18235.49681,17355.49134,17934.60033,17596.43239,18938.44372,18822.49896,16800.40751
querosenedeaviacao,df,Prophet,0.105220967,81.81818182,10.6664833,1.330448511,28249.33932,27020.94939,28547.838,27214.09023,27702.60994,28003.16149,26239.61313,26662.59915,25010.81945,26547.37354,25911.65116,21744.42351
querosenedeaviacao,es,Prophet,0.157449471,63.63636364,15.90741004,1.373687266,2430.80339,2324.063139,2302.932223,2069.397182,2274.261134,2231.536852,2180.867108,2302.42502,2288.061294,2381.902709,2346.357405,1999.175455
querosenedeaviacao,go,Prophet,0.251796481,81.81818182,-25.08060978,0.738176779,5658.925728,5339.936696,6521.771858,6465.23942,7120.718001,6867.984461,6204.488741,6343.358419,5991.146985,6595.104501,6239.004489,5359.898193
querosenedeaviacao,ma,Prophet,0.105431202,63.63636364,0.883998477,0.585080536,2580.024701,2350.001848,2354.452328,2191.163395,2408.6078,2200.676094,1820.727191,2119.807754,2251.327373,2641.342869,2414.964308,1949.622494
querosenedeaviacao,mg,Prophet,0.527169326,54.54545455,-51.66302371,0.941883975,16956.80629,16546.93418,18716.184,19428.51142,21924.302,20413.41913,17108.2581,19172.9557,18463.31718,21055.1816,22467.65001,18083.3888
querosenedeaviacao,ms,Prophet,0.328937442,45.45454545,0.060229847,1.867251551,2258.84381,2087.233476,2154.281027,2116.857337,2034.758875,1934.164432,1674.0662,1624.964179,1495.888344,1619.573338,1451.471535,1108.39077
querosenedeaviacao,mt,Prophet,0.246958496,63.63636364,22.5446334,1.291861134,6838.534485,5707.002503,5072.883962,4469.09026,4843.176749,4151.785787,3144.345433,4774.847452,3482.843265,5193.929986,4431.637745,2912.850817
querosenedeaviacao,pa,Prophet,0.505391613,81.81818182,-50.83657744,0.845671033,7340.598466,6814.052572,7744.222461,7677.561876,8904.865003,8896.478271,8888.174968,10067.34977,9274.421731,11094.96245,10019.48801,7516.724974
querosenedeaviacao,pb,Prophet,0.190745221,45.45454545,18.9490778,1.252890369,3250.220083,3186.931927,3205.14046,3428.115515,3551.459528,3279.59834,3223.857756,2956.959331,2915.074978,3055.459978,3124.237678,2396.136224
querosenedeaviacao,pe,Prophet,0.092101539,90.90909091,-7.942887824,0.902431846,19257.79809,18206.74387,18324.95725,18880.89112,20928.41233,19344.49238,18410.68328,19761.10574,19527.52503,20428.33028,21245.71676,20238.89602
querosenedeaviacao,pi,Prophet,0.124833616,81.81818182,-3.605757808,0.648047091,1606.882992,1336.987526,1457.374863,1422.0291,1532.069141,1378.857325,1284.015452,1494.819847,1596.111787,2113.321395,2083.846095,1725.063425
querosenedeaviacao,pr,Prophet,0.402931051,90.90909091,-39.00593972,0.786516661,10388.94561,8112.633841,9284.617018,8581.148751,10444.34582,10264.91895,9138.041319,10548.04156,11504.8252,12329.94624,13064.39116,11240.66671
querosenedeaviacao,rj,Prophet,0.119228612,81.81818182,12.50971732,1.0185511,55301.26122,52303.70324,53411.96482,51803.97397,55985.61448,54964.12866,48139.64824,49141.8514,47084.58764,51766.87299,52422.22883,44096.76447
querosenedeaviacao,rn,Prophet,0.132221794,72.72727273,-11.8758959,0.653424097,6000.101356,5668.668164,5521.542463,5261.803666,6034.700032,5873.540267,5548.476394,5841.447339,6102.519358,6322.914587,6630.619467,6087.205878
querosenedeaviacao,ro,Prophet,0.072465823,72.72727273,2.282649477,0.500330394,1213.096944,1114.755213,1220.835106,1216.076936,1322.202538,1203.913562,1159.682316,1127.566094,1077.05569,1266.225544,1200.241472,1056.123793
querosenedeaviacao,rr,Prophet,0.099577742,27.27272727,-1.732079197,0.988263487,732.7124836,719.1297968,688.5336953,685.0233464,687.8060966,707.4159851,727.8304504,727.8841983,705.5977074,736.4725879,726.1524239,747.7499318
querosenedeaviacao,rs,Prophet,0.36964588,54.54545455,-35.76210256,1.072736296,13432.2246,11980.70853,12128.48223,11445.18547,13226.34522,12866.56713,12195.64712,13058.29677,12961.10193,13729.45268,12221.09984,10905.91805
querosenedeaviacao,sc,Prophet,0.10556254,81.81818182,8.672524894,0.876940157,5795.097424,4791.677445,4474.023562,4377.73326,4828.088566,4552.151766,4320.138228,4811.094352,4675.715379,5536.054401,6540.027076,5776.702837
querosenedeaviacao,se,Prophet,0.403601131,63.63636364,-33.51728481,1.040469085,1685.152815,1573.352009,1664.448142,1574.335464,1623.412544,1499.665748,1627.762307,1896.223112,1608.041005,2089.352151,2406.869728,1847.832964
querosenedeaviacao,sp,Prophet,0.11690805,81.81818182,9.728874675,0.789524442,311803.4335,295250.0812,296367.4891,278149.239,309102.0813,304035.0283,284758.0001,302475.995,274900.6869,285840.0131,270362.366,226872.5848
querosenedeaviacao,to,Prophet,0.164893407,54.54545455,14.90088569,0.826067916,689.0914864,590.3605597,611.5047313,582.1568468,729.0881737,705.194043,710.5362054,769.1263001,755.4860129,869.5515556,718.0618273,731.6875815
queroseneiluminante,ac,Prophet,0,0,0,nan,0,0,0,0,0,0,0,0,0,0,0,0
queroseneiluminante,al,Prophet,0,0,0,nan,0,0,0,0,0,0,0,0,0,0,0,0
queroseneiluminante,am,Prophet,0,0,0,nan,0,0,0,0,0,0,0,0,0,0,0,0
queroseneiluminante,ap,Prophet,0,0,0,nan,0,0,0,0,0,0,0,0,0,0,0,0
queroseneiluminante,ba,Prophet,0.239096758,36.36363636,23.44877731,0.955337758,382.9062425,271.3677725,318.0353933,327.273949,310.4820026,346.5797583,299.1693633,296.4338453,265.5294681,331.2277203,373.8621138,335.3139944
queroseneiluminante,ce,Prophet,0,0,0,nan,0,0,0,0,0,0,0,0,0,0,0,0
queroseneiluminante,df,Prophet,0,0,0,nan,0,0,0,0,0,0,0,0,0,0,0,0
queroseneiluminante,es,Prophet,0.083333333,0,100,1,0,0,0,0,0,0,0,0,0,0,0,0
queroseneiluminante,go,Prophet,0,0,0,nan,0,0,0,0,0,0,0,0,0,0,0,0
queroseneiluminante,ma,Prophet,0,0,0,nan,0,0,0,0,0,0,0,0,0,0,0,0
queroseneiluminante,mg,Prophet,2.078767195,45.45454545,-193.5532096,1.072487001,137.7193737,98.96160433,136.1102789,112.4843223,119.3362153,116.2929512,143.5425588,155.0122759,175.9888426,187.1624768,196.6731366,164.4220289
queroseneiluminante,ms,Prophet,0,0,0,nan,0,0,0,0,0,0,0,0,0,0,0,0
queroseneiluminante,mt,Prophet,0,0,0,nan,0,0,0,0,0,0,0,0,0,0,0,0
queroseneiluminante,pa,Prophet,0,0,0,nan,0,0,0,0,0,0,0,0,0,0,0,0
queroseneiluminante,pb,Prophet,0,0,0,nan,0,0,0,0,0,0,0,0,0,0,0,0
queroseneiluminante,pe,Prophet,0,0,0,nan,0,0,0,0,0,0,0,0,0,0,0,0
queroseneiluminante,pi,Prophet,0,0,0,nan,0,0,0,0,0,0,0,0,0,0,0,0
queroseneiluminante,pr,Prophet,2.82562E+15,54.54545455,-42.77649594,0.83837407,6.362059082,4.819441583,6.095453602,6.085958572,6.917511449,7.261407716,6.471087156,8.64409816,7.863821412,7.528961897,10.01733834,11.88205347
queroseneiluminante,rj,Prophet,8.60077E+14,27.27272727,48.01143477,1.092967383,0.271429935,0.444946129,0.369249327,0.468249912,0.704561394,0.308591211,-0.029916112,-0.101640908,0.58781098,0.212454834,0.205166815,-0.321589603
queroseneiluminante,rn,Prophet,0,0,0,nan,0,0,0,0,0,0,0,0,0,0,0,0
queroseneiluminante,ro,Prophet,0,0,0,nan,0,0,0,0,0,0,0,0,0,0,0,0
queroseneiluminante,rr,Prophet,0,0,0,nan,0,0,0,0,0,0,0,0,0,0,0,0
queroseneiluminante,rs,Prophet,0.387588202,18.18181818,-5.452544455,1.113250423,43.56194804,38.80212203,45.97194248,49.25683556,47.99644318,47.53438484,41.27293101,45.60395991,40.73555579,40.12911826,36.81885912,36.92431672
queroseneiluminante,sc,Prophet,0.406072871,63.63636364,-11.4718857,0.806743542,58.65026875,55.39675624,64.32099666,62.28090031,65.23713183,62.37258844,57.817097,57.57678967,56.14526772,49.64504216,53.96272563,53.29372124
queroseneiluminante,se,Prophet,0,0,0,nan,0,0,0,0,0,0,0,0,0,0,0,0
queroseneiluminante,sp,Prophet,3.43E+16,18.18181818,-433.3968102,0.872459485,9.861889295,8.199561444,9.149123438,5.886477647,5.168292101,10.51168819,10.56142883,13.68894149,9.498031538,5.543413425,8.974469426,9.636045208
queroseneiluminante,to,Prophet,0,0,0,nan,0,0,0,0,0,0,0,0,0,0,0,0
