TYPE_PREDICTIONS,STATE,PRODUCT,MAPE,POCID,PBE,"MASE(2020,2021,2022,2023,2024)",RRMSE
PYTORCH_5ANOS_direct,pe,etanolhidratado,0.38218215181461385,49.152542372881356,-14.681262795229916,"0.6318, 1.0581, 1.3901, 2.0842, 0.5293",0.44284717285356595
PYTORCH_5ANOS_recursive,pe,etanolhidratado,0.4115541541332013,47.45762711864407,-24.724438989292377,"0.7259, 0.8186, 1.0456, 2.9998, 0.5040",0.46043584473158367
PYTORCH_5ANOS_direct,pe,gasolinac,0.09469276814750896,69.49152542372882,-4.286587380448482,"0.4509, 1.6849, 0.9070, 1.1489, 0.7258",0.1885068750751914
PYTORCH_5ANOS_recursive,pe,gasolinac,0.07430912241207181,66.10169491525424,-2.7214826370023077,"0.4422, 1.4669, 0.6388, 0.8053, 0.4866",0.15167003840726279
PYTORCH_5ANOS_direct,pe,glp,0.03263473716864172,86.44067796610169,-1.6970494688813165,"0.6086, 0.7420, 0.8171, 1.5417, 0.6839",0.04714380132882309
PYTORCH_5ANOS_recursive,pe,glp,0.030299084674302663,91.52542372881356,-0.9569490163393028,"0.7247, 0.7809, 0.8843, 0.8944, 0.7027",0.044031236260939514
PYTORCH_5ANOS_direct,pe,oleodiesel,0.15754791547538008,38.983050847457626,-6.536343414180642,"1.4876, 3.2320, 0.8005, 0.5861, 3.7887",0.2626980746831255
PYTORCH_5ANOS_recursive,pe,oleodiesel,0.12200373337621644,54.23728813559322,2.113963415674028,"0.8531, 2.4672, 0.9726, 0.6981, 1.0508",0.23572551700942407
PYTORCH_5ANOS_direct,pe,querosenedeaviacao,0.4998659043671857,81.35593220338983,-4.861876913070985,"1.8762, 0.8490, 0.4653, 0.3467, 0.5701",0.3031877835392856
PYTORCH_5ANOS_recursive,pe,querosenedeaviacao,0.638603540196743,61.016949152542374,8.090945331357506,"1.8818, 0.8536, 1.2527, 2.4391, 1.5573",0.4557597006930863
PYTORCH_5ANOS_direct,ba,etanolhidratado,0.36086487090557284,45.76271186440678,31.98172634293308,"3.2551, 2.1272, 1.1282, 1.1977, 1.0646",0.7842526947099463
PYTORCH_5ANOS_recursive,ba,etanolhidratado,0.18228479458925367,54.23728813559322,-4.378161394940646,"0.5708, 1.1824, 0.6535, 1.3630, 0.3793",0.3557589325398941
PYTORCH_5ANOS_direct,ba,gasolinac,0.08574585746944577,67.79661016949153,0.2565546026257892,"0.7346, 1.2734, 0.7695, 1.1313, 1.1998",0.1740193747654369
PYTORCH_5ANOS_recursive,ba,gasolinac,0.08405653251909763,69.49152542372882,-3.2918692876295155,"1.5609, 1.4825, 0.5587, 0.7562, 0.6820",0.1665287488574378
PYTORCH_5ANOS_direct,ba,glp,0.05127527344970999,71.1864406779661,2.300760125947485,"1.1274, 1.3815, 1.0232, 0.8916, 0.5796",0.07464621091393898
PYTORCH_5ANOS_recursive,ba,glp,0.06351555989527813,71.1864406779661,-1.9294258557123463,"0.7544, 1.0827, 1.8671, 1.2044, 1.5223",0.08539763428956348
PYTORCH_5ANOS_direct,ba,oleodiesel,0.07224574154262954,61.016949152542374,3.690887290535763,"1.2268, 1.3301, 0.8275, 0.8816, 0.8934",0.12303223093214843
PYTORCH_5ANOS_recursive,ba,oleodiesel,0.07691690387279976,61.016949152542374,3.137082367689574,"0.9923, 1.1914, 1.2754, 0.8458, 0.9634",0.13335110549295653
PYTORCH_5ANOS_direct,ba,querosenedeaviacao,0.7125347075425368,67.79661016949153,-11.346017605814778,"1.3494, 1.1495, 0.7335, 0.4192, 1.8623",0.2787819108125472
PYTORCH_5ANOS_recursive,ba,querosenedeaviacao,0.7369928315497476,67.79661016949153,-3.443137566086986,"1.8249, 1.0648, 0.9343, 1.5141, 0.8697",0.32296260107294467
PYTORCH_5ANOS_direct,ro,etanolhidratado,0.4071207803675322,33.898305084745765,-11.98955961582827,"0.7918, 1.0086, 0.9232, 1.3224, 0.4036",0.20397673984033265
PYTORCH_5ANOS_recursive,ro,etanolhidratado,0.3051715820006722,57.6271186440678,18.521589194135586,"1.4999, 0.8082, 0.3316, 0.8524, 0.6981",0.21140584162731818
PYTORCH_5ANOS_direct,ro,gasolinac,0.07624829695098896,59.32203389830509,5.328082926900738,"0.9187, 1.0504, 0.9606, 1.2383, 1.9298",0.16889529642594167
PYTORCH_5ANOS_recursive,ro,gasolinac,0.06229970655304802,59.32203389830509,2.5809023923375953,"1.0913, 1.0788, 0.7251, 1.1057, 0.8815",0.14395758151113042
PYTORCH_5ANOS_direct,ro,glp,0.041834017307021035,66.10169491525424,1.022902809823535,"0.6740, 1.2169, 1.2795, 0.8415, 1.0902",0.06492591316010325
PYTORCH_5ANOS_recursive,ro,glp,0.050506583634910146,57.6271186440678,0.5472001879903609,"1.0165, 1.3322, 0.9964, 1.6220, 0.8531",0.0780280859329714
PYTORCH_5ANOS_direct,ro,oleodiesel,0.15392247545553575,47.45762711864407,10.688719663783857,"1.9702, 2.5028, 1.5865, 0.4640, 0.8585",0.3399653526869542
PYTORCH_5ANOS_recursive,ro,oleodiesel,0.18426753649463862,55.932203389830505,-0.2260700828991199,"1.7110, 1.2672, 1.2580, 1.3818, 0.5635",0.38643974919322444
PYTORCH_5ANOS_direct,ro,querosenedeaviacao,0.47011558589847996,61.016949152542374,-30.614012475282543,"1.1284, 1.3893, 0.5821, 1.7089, 1.0568",0.29605816438461086
PYTORCH_5ANOS_recursive,ro,querosenedeaviacao,0.4700534250092743,54.23728813559322,-32.16714475858319,"1.6567, 1.2672, 0.6871, 1.0923, 1.2465",0.29645693503660486
PYTORCH_5ANOS_direct,es,etanolhidratado,0.3054864916835482,35.59322033898305,18.83991146681512,"1.1404, 0.6103, 0.7214, 0.5831, 0.8217",0.3847337772582009
PYTORCH_5ANOS_recursive,es,etanolhidratado,0.2872274023420448,38.983050847457626,17.813348194828485,"0.9781, 0.5057, 0.6503, 0.6517, 0.8610",0.3803044277398294
PYTORCH_5ANOS_direct,es,gasolinac,0.08812214790333944,66.10169491525424,5.24162942514996,"0.8029, 1.1542, 0.8787, 1.2596, 2.4572",0.18131464951437026
PYTORCH_5ANOS_recursive,es,gasolinac,0.07626012985129924,72.88135593220339,0.3629344877715953,"0.6851, 1.0567, 0.8198, 1.0995, 1.5831",0.16049808687058242
PYTORCH_5ANOS_direct,es,glp,0.06985593069035248,67.79661016949153,-3.1252704058747534,"3.3582, 1.1165, 1.0433, 1.7754, 0.8355",0.10118634927746376
PYTORCH_5ANOS_recursive,es,glp,0.051395855807152925,64.40677966101696,-2.6326075068356785,"1.5038, 0.8834, 1.0167, 1.0049, 1.5687",0.08137659795965423
PYTORCH_5ANOS_direct,es,oleodiesel,0.12025900730327091,54.23728813559322,8.284440040649349,"0.8029, 0.8356, 0.7245, 5.2241, 4.1081",0.21291811757089027
PYTORCH_5ANOS_recursive,es,oleodiesel,0.09969162068563382,64.40677966101696,7.497895791422887,"0.6366, 1.1934, 1.5686, 2.7167, 1.8769",0.17769351565708796
PYTORCH_5ANOS_direct,es,querosenedeaviacao,0.4098630184007625,54.23728813559322,-1.857120903588381,"1.1926, 0.9988, 0.7576, 0.8788, 0.9496",0.2848408450394859
PYTORCH_5ANOS_recursive,es,querosenedeaviacao,0.4025196646741047,55.932203389830505,-12.25178545567373,"0.6066, 1.3222, 0.3391, 0.4697, 0.8560",0.28824196869195395
PYTORCH_5ANOS_direct,pi,etanolhidratado,0.28673359438923196,57.6271186440678,11.141960246628155,"2.4419, 0.9178, 0.7921, 0.5904, 0.5753",0.6761667583501552
PYTORCH_5ANOS_recursive,pi,etanolhidratado,0.3149896522691144,47.45762711864407,-12.966450390232637,"0.6996, 1.3132, 0.8417, 1.1674, 0.5129",0.6668029228392013
PYTORCH_5ANOS_direct,pi,gasolinac,0.18439953702798936,55.932203389830505,8.844644676336927,"1.4319, 1.3931, 0.5264, 6.0654, 1.1100",0.4957053792423265
PYTORCH_5ANOS_recursive,pi,gasolinac,0.07686570115632597,72.88135593220339,-0.5370709519905058,"1.2229, 1.2874, 0.4738, 0.6352, 0.5617",0.18347644061641338
PYTORCH_5ANOS_direct,pi,glp,0.05003181472615248,72.88135593220339,3.651077321306976,"0.7102, 1.7524, 0.7169, 0.6263, 0.8574",0.08395654807982089
PYTORCH_5ANOS_recursive,pi,glp,0.05624432988051396,57.6271186440678,3.9192599819553857,"0.7866, 1.7324, 0.9527, 0.5250, 1.1485",0.09305677193017527
PYTORCH_5ANOS_direct,pi,oleodiesel,0.10798594704932432,59.32203389830509,9.56722354468413,"0.9448, 1.8664, 0.8424, 1.8756, 2.6891",0.2179969782043116
PYTORCH_5ANOS_recursive,pi,oleodiesel,0.10124987549477206,59.32203389830509,7.71461227399197,"1.0587, 1.2782, 1.2054, 1.4466, 2.4307",0.20101914793643003
PYTORCH_5ANOS_direct,pi,querosenedeaviacao,0.5979937066977196,57.6271186440678,-33.010879204527775,"1.5364, 1.3611, 1.5204, 1.8441, 1.0844",0.4627125292756622
PYTORCH_5ANOS_recursive,pi,querosenedeaviacao,0.5655455976717847,66.10169491525424,-9.27139010747586,"1.6203, 1.4663, 1.3928, 1.5886, 1.6438",0.4829347670547533
PYTORCH_5ANOS_direct,to,etanolhidratado,0.4475979882058109,61.016949152542374,-15.816766010213234,"1.0086, 1.3151, 1.5096, 1.3086, 0.7177",0.5825669077450318
PYTORCH_5ANOS_recursive,to,etanolhidratado,0.5177264364098184,50.847457627118644,-13.677738554300728,"0.5098, 1.7471, 2.0247, 2.2566, 0.4291",0.6968605933824021
PYTORCH_5ANOS_direct,to,gasolinac,0.0891734315932502,76.27118644067797,6.47424307755341,"0.7643, 1.0447, 0.5283, 1.1836, 2.3291",0.239806792953332
PYTORCH_5ANOS_direct,to,glp,0.0850680676452653,61.016949152542374,8.22103781802074,"0.7222, 1.1462, 2.8082, 2.4633, 2.6681",0.11019158434420145
PYTORCH_5ANOS_recursive,to,gasolinac,0.08886833400211153,71.1864406779661,3.6567221556763965,"1.1445, 1.1820, 1.0937, 1.4705, 0.8560",0.22203128781354992
PYTORCH_5ANOS_direct,to,oleodiesel,0.1188879081864921,74.57627118644068,10.243658224631272,"1.7284, 1.6162, 2.0371, 2.1590, 1.1814",0.26768196891359913
PYTORCH_5ANOS_recursive,to,glp,0.06077475243605627,40.67796610169491,4.725194723539359,"0.5768, 1.0845, 1.7625, 1.7051, 1.8009",0.08262853615415608
PYTORCH_5ANOS_direct,to,querosenedeaviacao,0.3269148185123905,52.54237288135593,16.62182933416897,"0.9461, 1.0289, 0.6510, 1.6930, 1.6354",0.6179571917809797
PYTORCH_5ANOS_recursive,to,oleodiesel,0.11516926881977912,67.79661016949153,8.814850217721034,"3.6588, 1.1019, 1.0314, 1.0897, 1.2960",0.27985406587895334
PYTORCH_5ANOS_direct,ma,etanolhidratado,0.3205974337172916,44.067796610169495,8.352466879642918,"0.8937, 1.2187, 0.5692, 0.5293, 1.0725",0.376514424792109
PYTORCH_5ANOS_recursive,to,querosenedeaviacao,0.43862129689712376,50.847457627118644,-3.613335072784284,"3.6272, 1.2101, 0.6765, 1.4281, 1.0400",0.6178869142402306
PYTORCH_5ANOS_direct,ma,gasolinac,0.08926639259289455,57.6271186440678,5.9380644904139706,"1.4264, 1.4103, 0.7669, 1.2303, 1.7181",0.22667133280465895
PYTORCH_5ANOS_recursive,ma,etanolhidratado,0.30241803881319096,50.847457627118644,5.076382377286789,"1.2597, 1.3226, 0.6724, 0.7228, 0.4593",0.3353296300532644
PYTORCH_5ANOS_direct,ma,glp,0.07065797568839072,64.40677966101696,6.656730294838383,"1.3282, 1.5213, 2.1411, 1.1058, 1.5949",0.12034109095125556
PYTORCH_5ANOS_recursive,ma,gasolinac,0.0841382440450755,57.6271186440678,4.468630369060885,"1.4810, 1.3997, 0.8853, 1.1427, 1.1560",0.20540885555959335
PYTORCH_5ANOS_direct,ma,oleodiesel,0.12415575715958059,76.27118644067797,11.833538022912709,"3.0779, 2.3056, 1.5597, 3.8750, 1.4978",0.2325492532670633
PYTORCH_5ANOS_recursive,ma,glp,0.059830701174428534,59.32203389830509,5.94324226760798,"1.1407, 1.2494, 1.8856, 1.0781, 1.2539",0.1024334268584046
PYTORCH_5ANOS_direct,ma,querosenedeaviacao,0.5052720669743871,66.10169491525424,-28.75007130391638,"2.1376, 1.3322, 1.5636, 0.6197, 0.7827",0.3042288692459356
PYTORCH_5ANOS_recursive,ma,oleodiesel,0.07689785877987958,76.27118644067797,5.304579567125623,"1.8360, 1.3961, 0.7968, 1.7960, 1.3463",0.16073834477019555
PYTORCH_5ANOS_direct,pr,etanolhidratado,0.3819624029376087,47.45762711864407,-8.745651746421972,"2.9510, 0.5245, 2.0705, 1.9769, 0.6256",0.5744521592568304
PYTORCH_5ANOS_recursive,ma,querosenedeaviacao,0.5029289925760592,66.10169491525424,-8.57635713442559,"2.2025, 1.1300, 1.3205, 1.0737, 1.7059",0.3093811065710192
PYTORCH_5ANOS_direct,pr,gasolinac,0.11974151184064695,66.10169491525424,0.9491348499631614,"1.1475, 2.3584, 0.3698, 1.3291, 1.2106",0.2146885981533775
PYTORCH_5ANOS_recursive,pr,etanolhidratado,0.3823309353454608,52.54237288135593,-16.435470172443665,"1.4948, 0.9503, 1.9063, 2.2079, 0.7004",0.5550305830193396
PYTORCH_5ANOS_direct,pr,glp,0.047225195837065984,61.016949152542374,4.2025256215978235,"0.4682, 1.1789, 2.0237, 0.9985, 2.6418",0.07588848797000347
PYTORCH_5ANOS_recursive,pr,gasolinac,0.09587725417015407,59.32203389830509,-2.852569841670206,"0.8314, 1.8656, 0.4740, 0.9203, 0.9377",0.18082164559485744
PYTORCH_5ANOS_direct,pr,oleodiesel,0.10173800005320645,57.6271186440678,9.069726370851956,"1.8267, 2.1582, 1.7682, 1.2178, 1.1742",0.1864377033804651
PYTORCH_5ANOS_recursive,pr,glp,0.037481525359343744,72.88135593220339,2.9730875749058487,"0.6337, 1.2091, 1.6129, 0.8974, 1.2077",0.05740011190250677
PYTORCH_5ANOS_direct,pr,querosenedeaviacao,0.7714710773089167,62.71186440677966,-4.920647399509502,"1.9101, 1.0578, 0.7247, 0.7796, 1.2847",0.40915800247907363
PYTORCH_5ANOS_recursive,pr,oleodiesel,0.07185863372688496,76.27118644067797,6.044602296179426,"0.9240, 1.4897, 1.2713, 0.7365, 1.2677",0.14230616146658262
PYTORCH_5ANOS_direct,ap,etanolhidratado,2.135446245775231,44.067796610169495,-92.25139610557483,"1.8238, 1.4889, 3.4098, 3.3305, 1.7703",0.19839598261676758
PYTORCH_5ANOS_recursive,pr,querosenedeaviacao,0.7580574920769537,54.23728813559322,-14.172048125768658,"0.9523, 1.0945, 1.1873, 0.6011, 0.8084",0.3834246883042362
PYTORCH_5ANOS_direct,ap,gasolinac,0.11767197640682173,71.1864406779661,10.571246198430789,"1.3449, 1.4979, 1.1531, 2.4865, 2.2516",0.2833504877155574
PYTORCH_5ANOS_recursive,ap,etanolhidratado,1.5957843747014337,57.6271186440678,-97.25083929101925,"2.9484, 1.5088, 0.5128, 1.8245, 2.2789",0.19236286529191438
PYTORCH_5ANOS_direct,ap,glp,0.059769156775054864,67.79661016949153,3.3656870145840956,"1.6691, 1.3020, 1.8868, 1.1178, 1.4942",0.09618582446838084
PYTORCH_5ANOS_recursive,ap,gasolinac,0.07459815660959333,59.32203389830509,4.761326586081155,"1.2533, 0.9501, 0.7716, 0.9698, 1.1115",0.18361268911421857
PYTORCH_5ANOS_direct,ap,oleodiesel,0.14183897128300832,59.32203389830509,12.440289724060746,"1.4421, 1.9566, 0.7651, 1.6638, 1.1675",0.11096717733918693
PYTORCH_5ANOS_recursive,ap,glp,0.0509661534106892,67.79661016949153,3.394476831170424,"1.1886, 1.4540, 1.4747, 0.8165, 1.1095",0.08935425206282763
PYTORCH_5ANOS_direct,ap,querosenedeaviacao,0.3128342439894864,49.152542372881356,0.3943891529997208,"0.4960, 1.2843, 0.6459, 2.2480, 0.9216",0.4207957913066323
PYTORCH_5ANOS_direct,sc,etanolhidratado,0.45395400790779533,49.152542372881356,-15.129422627276828,"0.6308, 1.6694, 1.6458, 3.2627, 0.6615",0.20042539595701764
PYTORCH_5ANOS_recursive,ap,oleodiesel,0.17624400047880004,47.45762711864407,-6.054648929477099,"0.6996, 1.2868, 2.2296, 1.6594, 2.2069",0.1369493759150122
PYTORCH_5ANOS_direct,sc,gasolinac,0.09488013414205577,67.79661016949153,6.511893390851934,"0.8437, 0.7337, 0.7386, 2.0160, 3.1623",0.21050601846190117
PYTORCH_5ANOS_recursive,ap,querosenedeaviacao,0.44191994550098496,44.067796610169495,18.71137780002154,"0.8429, 1.3174, 1.2616, 4.2791, 1.2230",0.5820587473961841
PYTORCH_5ANOS_direct,sc,glp,0.049579545208731056,76.27118644067797,2.85325380127668,"0.5200, 1.2472, 1.2486, 0.7829, 1.6040",0.0709679497733572
PYTORCH_5ANOS_recursive,sc,etanolhidratado,0.5986007900231974,45.76271186440678,-26.019278526195173,"0.4378, 0.8086, 4.0681, 1.1551, 0.5921",0.2622906721801865
PYTORCH_5ANOS_direct,sc,oleodiesel,0.10469798470933958,50.847457627118644,9.865841550779024,"0.9471, 1.2754, 1.5301, 4.2591, 1.5180",0.20041406885710628
PYTORCH_5ANOS_recursive,sc,gasolinac,0.0699895461130095,62.71186440677966,0.6830508389207893,"1.0599, 1.1009, 0.5971, 0.9204, 1.0582",0.14688514499001237
PYTORCH_5ANOS_direct,sc,querosenedeaviacao,0.9510438507977772,59.32203389830509,-27.828660803449495,"0.4365, 1.1951, 1.0172, 0.2642, 0.7164",0.5118964007513829
PYTORCH_5ANOS_recursive,sc,glp,0.07366446635703319,61.016949152542374,2.5109333851495395,"1.0097, 2.1206, 2.4571, 1.3815, 1.3646",0.10163958233722081
PYTORCH_5ANOS_direct,mt,etanolhidratado,0.2732876156133441,49.152542372881356,16.390255613986977,"2.5992, 3.1531, 1.3907, 1.8516, 0.6233",0.8312445840986445
PYTORCH_5ANOS_recursive,sc,oleodiesel,0.0700364104516511,61.016949152542374,5.943185962408992,"0.9368, 1.3073, 1.0553, 1.4901, 0.8766",0.12890900342610687
PYTORCH_5ANOS_direct,mt,gasolinac,0.14894023850243274,57.6271186440678,1.319702928645086,"3.1383, 1.1417, 0.7649, 1.3822, 1.4368",0.2527511882103508
PYTORCH_5ANOS_recursive,sc,querosenedeaviacao,1.0302507161116186,59.32203389830509,1.7200102300893065,"0.1913, 1.6892, 1.0773, 0.5534, 0.9786",0.4596338679138643
PYTORCH_5ANOS_direct,mt,glp,0.14005144494562574,47.45762711864407,12.01309003984427,"0.5934, 2.4899, 2.3033, 6.0515, 8.4305",0.2181190799210439
PYTORCH_5ANOS_recursive,mt,etanolhidratado,0.15342774208385532,44.067796610169495,-2.3010578966529796,"0.6252, 1.7169, 0.9476, 0.7612, 1.2651",0.48353637284347106
PYTORCH_5ANOS_direct,mt,oleodiesel,0.14049159901149572,69.49152542372882,12.759876848396424,"2.0345, 1.9247, 1.3211, 1.9772, 1.2064",0.2704020588696182
PYTORCH_5ANOS_recursive,mt,gasolinac,0.13113559151190024,54.23728813559322,5.703540087557702,"1.7843, 1.1253, 1.3050, 1.2954, 0.6620",0.2611820725316071
PYTORCH_5ANOS_direct,mt,querosenedeaviacao,0.3776461366950657,67.79661016949153,-5.549627221840194,"2.5522, 2.4671, 1.4995, 1.3785, 0.9145",0.37191004547283285
PYTORCH_5ANOS_recursive,mt,glp,0.05382334374040077,50.847457627118644,2.947514184698004,"0.6305, 1.0394, 2.5513, 1.1864, 1.5835",0.0870974037369102
PYTORCH_5ANOS_direct,rs,etanolhidratado,0.7615609487725485,38.983050847457626,-33.815416900942665,"1.0786, 1.4072, 4.4786, 5.2304, 1.0753",0.1404883469519911
PYTORCH_5ANOS_recursive,mt,oleodiesel,0.09322435405001439,84.7457627118644,5.2815802505780365,"1.3975, 0.9484, 1.0468, 0.7955, 1.1998",0.1948669894029484
PYTORCH_5ANOS_direct,rs,gasolinac,0.08060992458097882,69.49152542372882,0.7329314894651223,"0.5161, 0.8249, 1.0484, 0.6710, 2.1144",0.14635227259605255
PYTORCH_5ANOS_recursive,mt,querosenedeaviacao,0.27502576110378374,74.57627118644068,10.173075656452001,"2.5747, 1.1275, 2.0666, 1.2391, 0.6894",0.3361092397237191
PYTORCH_5ANOS_direct,rs,glp,0.04365840781617138,71.1864406779661,-2.6753961286175354,"0.9212, 0.9043, 1.5360, 0.8762, 0.8410",0.05488412059160226
PYTORCH_5ANOS_recursive,rs,etanolhidratado,0.7930626125913217,47.45762711864407,-49.76426047241505,"0.4252, 0.4693, 8.2321, 2.8314, 1.2082",0.16359972342065562
PYTORCH_5ANOS_direct,rs,oleodiesel,0.0719646819406465,77.96610169491525,5.994519860723764,"1.1745, 0.8063, 1.0808, 1.0216, 1.4596",0.1253965304163354
PYTORCH_5ANOS_recursive,rs,gasolinac,0.09230760329803431,64.40677966101696,1.416191700870409,"1.2722, 1.0397, 1.1050, 0.7422, 1.9635",0.16578703261858357
PYTORCH_5ANOS_direct,rs,querosenedeaviacao,0.6202169531179376,57.6271186440678,-3.917831443531228,"1.4162, 0.8633, 0.8299, 0.7326, 0.5435",0.3845778107270812
PYTORCH_5ANOS_recursive,rs,glp,0.03576742794382682,79.66101694915254,-0.9265669047848739,"0.5189, 1.0000, 0.9192, 0.7415, 1.1956",0.0445288537370054
PYTORCH_5ANOS_direct,rr,etanolhidratado,0.3545959559591539,47.45762711864407,24.996551659979353,"0.8452, 0.8883, 0.3887, 2.2931, 1.4276",0.3867316633215661
PYTORCH_5ANOS_recursive,rs,oleodiesel,0.062008471479291366,74.57627118644068,4.361535922538078,"1.0644, 0.7452, 1.0291, 0.6912, 1.2466",0.1112687882448878
PYTORCH_5ANOS_direct,rr,gasolinac,0.12664038288043764,50.847457627118644,11.51882325734345,"1.6960, 1.4114, 1.0018, 1.6498, 2.1140",0.3304248699503438
PYTORCH_5ANOS_recursive,rs,querosenedeaviacao,0.6682078579823738,61.016949152542374,-2.5861192286306562,"1.5617, 0.9655, 0.8201, 0.9198, 0.4872",0.4253977703397775
PYTORCH_5ANOS_direct,rr,glp,0.06462175961197282,49.152542372881356,5.34531699992361,"2.3461, 0.6842, 2.8101, 1.2874, 1.8545",0.12369267852033862
PYTORCH_5ANOS_recursive,rr,etanolhidratado,0.6729182202848688,54.23728813559322,66.14674034793804,"1.9558, 1.6361, 0.9609, 5.4370, 2.3005",0.680484535491199
PYTORCH_5ANOS_direct,rr,oleodiesel,0.650300431307741,57.6271186440678,19.27734423634747,"1.3863, 8.2108, 2.9677, 0.9725, 3.2653",1.7492589567315666
PYTORCH_5ANOS_recursive,rr,gasolinac,0.11013920302756412,55.932203389830505,2.708441188519545,"1.1920, 1.3502, 1.3055, 1.0691, 1.8048",0.27312555999557536
PYTORCH_5ANOS_direct,rr,querosenedeaviacao,0.3930492461713213,38.983050847457626,11.435157920321377,"0.9787, 0.6553, 0.7553, 0.4970, 2.3915",0.3483733906928602
PYTORCH_5ANOS_direct,rn,etanolhidratado,0.3216792320339431,54.23728813559322,-11.886076257811109,"1.0343, 1.2904, 0.8089, 1.4122, 0.2310",0.3911054439206917
PYTORCH_5ANOS_recursive,rr,glp,0.046240057772908696,64.40677966101696,3.1203306099759094,"1.4379, 1.1015, 0.8787, 0.9748, 1.2282",0.0921569229116709
PYTORCH_5ANOS_direct,rn,gasolinac,0.09436392094483041,35.59322033898305,-3.12154075323982,"0.8855, 1.3221, 1.0560, 0.8551, 0.9715",0.19080857535511492
PYTORCH_5ANOS_recursive,rr,oleodiesel,0.3461734196050827,44.067796610169495,8.771570076592457,"1.0598, 0.9467, 1.7977, 0.9866, 1.1282",1.0381763493686589
PYTORCH_5ANOS_direct,rn,glp,0.045135809252164635,66.10169491525424,0.7933246423980354,"0.9240, 1.4897, 0.5560, 1.4842, 1.6278",0.0657096854569122
PYTORCH_5ANOS_recursive,rr,querosenedeaviacao,0.3717476619843202,40.67796610169491,15.366486049002262,"1.1590, 0.7406, 1.1663, 0.6658, 1.0093",0.44195201710861376
PYTORCH_5ANOS_direct,rn,oleodiesel,0.11963573709145246,66.10169491525424,-5.296666855946435,"3.0209, 1.0761, 1.0204, 0.6799, 1.9408",0.20628156273735715
PYTORCH_5ANOS_recursive,rn,etanolhidratado,0.3695821663610176,40.67796610169491,-9.227281809707295,"0.8614, 1.0458, 1.1869, 1.5717, 0.7580",0.4193253357915573
PYTORCH_5ANOS_direct,rn,querosenedeaviacao,0.6224915150944025,55.932203389830505,-22.186690145168903,"0.8432, 1.4528, 0.6850, 0.5600, 1.1959",0.3925931093385456
PYTORCH_5ANOS_recursive,rn,gasolinac,0.07096641613210933,59.32203389830509,-0.45733273969815563,"0.9336, 1.2557, 0.5096, 0.5914, 0.6338",0.1510886031246706
PYTORCH_5ANOS_direct,rj,etanolhidratado,0.25510988025450115,62.71186440677966,-3.125855268553743,"0.9293, 0.7236, 1.8534, 1.5688, 1.0545",0.3635018343951504
PYTORCH_5ANOS_recursive,rn,glp,0.03852981967421398,76.27118644067797,0.2705670549408949,"0.8887, 1.2863, 0.4771, 1.0517, 1.5087",0.05545836203923924
PYTORCH_5ANOS_direct,rj,gasolinac,0.12020278563850749,66.10169491525424,1.6235473178672875,"0.7817, 1.3520, 0.7928, 1.0495, 0.4947",0.15399030509096243
PYTORCH_5ANOS_recursive,rn,oleodiesel,0.10817858893390479,59.32203389830509,-0.5412971045350962,"0.9871, 1.0700, 1.0644, 0.7742, 3.6656",0.16822678024685442
PYTORCH_5ANOS_direct,rj,glp,0.03943214005675086,79.66101694915254,-0.9837680103732553,"0.7240, 1.0709, 1.3347, 0.6798, 1.3963",0.05208915469759638
PYTORCH_5ANOS_recursive,rn,querosenedeaviacao,0.6824455625891643,52.54237288135593,-30.19363740645385,"1.9422, 1.4535, 0.6190, 0.6116, 1.5321",0.428177661572381
PYTORCH_5ANOS_direct,rj,oleodiesel,0.1152202191661849,61.016949152542374,0.7232454439930932,"2.3893, 1.4534, 0.9274, 0.6689, 0.5149",0.14511759802886395
PYTORCH_5ANOS_recursive,rj,etanolhidratado,0.49732353638770344,44.067796610169495,50.848897461328825,"2.7436, 1.4902, 1.8487, 10.4433, 1.9093",0.6782780742545125
PYTORCH_5ANOS_direct,rj,querosenedeaviacao,0.7919354081058153,66.10169491525424,-29.45445062338442,"2.4063, 1.0213, 0.8678, 0.1631, 0.7189",0.3539219542635547
PYTORCH_5ANOS_recursive,rj,gasolinac,0.14864850768478216,55.932203389830505,-6.979491157058561,"0.4353, 1.7155, 0.6981, 0.9393, 1.7202",0.19947102188990337
PYTORCH_5ANOS_direct,df,etanolhidratado,0.6563488915688431,47.45762711864407,19.47891563224019,"0.6244, 0.9723, 0.8600, 1.5602, 1.2807",0.7267193282835394
PYTORCH_5ANOS_recursive,rj,glp,0.03846629763865495,67.79661016949153,-0.9759173048338068,"1.0797, 0.9250, 1.4588, 0.7851, 1.0403",0.05034889816323111
PYTORCH_5ANOS_direct,df,gasolinac,0.13661629126432656,64.40677966101696,-10.16077441862379,"0.4844, 1.1249, 0.6774, 0.7573, 2.2501",0.22304467412178727
PYTORCH_5ANOS_recursive,rj,oleodiesel,0.13060811763058042,62.71186440677966,5.918503809581972,"1.0657, 1.0679, 0.9753, 1.3686, 2.1217",0.16415043663895912
PYTORCH_5ANOS_direct,df,glp,0.033180615652503624,69.49152542372882,-2.112941113109754,"0.4807, 0.8588, 0.7057, 0.9579, 0.8015",0.049090089810586796
PYTORCH_5ANOS_recursive,rj,querosenedeaviacao,0.6713460078583213,49.152542372881356,20.3690870706694,"2.9357, 0.4967, 1.0399, 0.8297, 3.2495",0.327369602379511
PYTORCH_5ANOS_direct,df,oleodiesel,0.059618272420409305,74.57627118644068,-0.9718834843203007,"1.1074, 1.1621, 0.4236, 0.7051, 1.3343",0.08172785420280852
PYTORCH_5ANOS_recursive,df,etanolhidratado,0.7516662788364986,44.067796610169495,19.728620141310735,"0.3262, 1.5795, 1.6437, 1.1778, 1.1084",0.825984396101201
PYTORCH_5ANOS_direct,df,querosenedeaviacao,0.8469779029188355,64.40677966101696,-9.524053702050248,"1.7025, 1.1510, 0.7859, 0.2872, 0.8409",0.3623594903096832
PYTORCH_5ANOS_recursive,df,gasolinac,0.12082851302329085,59.32203389830509,-8.00706354892636,"0.3736, 0.9083, 0.8422, 1.1661, 1.5816",0.19293902293137752
PYTORCH_5ANOS_direct,pb,etanolhidratado,0.3887003624176097,44.067796610169495,20.378993486299272,"1.6313, 1.3716, 1.0760, 1.3974, 1.0431",0.8338521828484355
PYTORCH_5ANOS_recursive,df,glp,0.03441479001508003,72.88135593220339,-1.3693967425186515,"0.7512, 0.7498, 0.5424, 0.9957, 0.8818",0.04682953462379896
PYTORCH_5ANOS_direct,pb,gasolinac,0.09038493725314733,57.6271186440678,1.1492730764722154,"0.6458, 1.2546, 0.5271, 1.0966, 1.4005",0.19057380997395737
PYTORCH_5ANOS_recursive,df,oleodiesel,0.07207678349584949,67.79661016949153,-0.9085602017604579,"0.8145, 1.2726, 0.7062, 1.3171, 1.4405",0.1010060892915767
PYTORCH_5ANOS_direct,pb,glp,0.04016798474362012,66.10169491525424,2.512229317280368,"0.5236, 1.0435, 0.5577, 0.9133, 1.3824",0.06493742699459694
PYTORCH_5ANOS_recursive,df,querosenedeaviacao,0.7509334413085204,52.54237288135593,-0.7838960231617315,"1.3021, 0.7915, 0.8641, 0.8962, 1.5547",0.32184815174988357
PYTORCH_5ANOS_direct,pb,oleodiesel,0.0870245519315659,62.71186440677966,-3.5622136681587686,"0.7388, 1.6143, 1.1486, 0.6697, 1.1268",0.1337754407040734
PYTORCH_5ANOS_recursive,pb,etanolhidratado,0.4463226922434966,52.54237288135593,-11.502814136653743,"2.0739, 1.1759, 1.0869, 1.2970, 0.8014",0.8075814931059898
PYTORCH_5ANOS_direct,pb,querosenedeaviacao,0.8098487799138988,66.10169491525424,-21.106136589949536,"1.1734, 1.1928, 0.5327, 0.8377, 0.5851",0.6257907586460899
PYTORCH_5ANOS_recursive,pb,gasolinac,0.08521456322952986,57.6271186440678,2.124548087443209,"0.5411, 1.1398, 0.7298, 1.7636, 0.4246",0.19002751857585018
PYTORCH_5ANOS_direct,ms,etanolhidratado,0.3525768967700218,64.40677966101696,12.626574909212273,"1.6840, 0.7728, 0.7369, 2.5771, 0.9114",0.6294465092968341
PYTORCH_5ANOS_recursive,pb,glp,0.04490193247315302,64.40677966101696,1.2294821703014989,"0.7250, 1.3692, 0.6492, 1.3594, 0.7578",0.07006466348891144
PYTORCH_5ANOS_direct,ms,gasolinac,0.0796288308218378,66.10169491525424,3.1851968766021566,"0.5555, 0.5514, 1.5115, 0.8964, 0.7608",0.1823652449008654
PYTORCH_5ANOS_direct,ms,glp,0.059828458984198356,66.10169491525424,3.97964161524677,"0.7780, 1.2900, 3.4613, 1.2205, 0.9949",0.08611215544545298
PYTORCH_5ANOS_recursive,pb,oleodiesel,0.07124781643814057,71.1864406779661,-0.9655207023713648,"0.5626, 1.2013, 0.4378, 1.7034, 0.8366",0.11533058028272683
PYTORCH_5ANOS_direct,ms,oleodiesel,0.15769275461184715,77.96610169491525,15.925044717935908,"0.9272, 1.4122, 1.5159, 2.6584, 1.3560",0.3076378235801931
PYTORCH_5ANOS_recursive,pb,querosenedeaviacao,0.7954415864551788,66.10169491525424,-3.926082623120349,"1.0725, 1.0336, 0.5482, 1.0325, 1.7733",0.6509901868994871
PYTORCH_5ANOS_direct,ms,querosenedeaviacao,0.34735477678183957,50.847457627118644,-14.306250015128844,"0.7096, 1.1204, 1.3517, 1.5001, 1.0823",0.2176579445395184
PYTORCH_5ANOS_recursive,ms,etanolhidratado,0.23154428360217447,59.32203389830509,9.01005184487088,"0.4731, 0.4587, 0.6838, 1.5666, 0.9270",0.5460321810487302
PYTORCH_5ANOS_direct,sp,etanolhidratado,0.2082090330844068,40.67796610169491,7.439669087895734,"2.4252, 1.2297, 1.0838, 0.7840, 0.9483",0.42106112670088097
PYTORCH_5ANOS_recursive,ms,gasolinac,0.07402616754847548,71.1864406779661,1.1482108092253216,"0.7049, 0.5633, 1.3232, 0.7749, 0.5616",0.15503714368020882
PYTORCH_5ANOS_direct,sp,gasolinac,0.10331749998734091,69.49152542372882,2.1034559850206533,"0.7456, 0.9678, 0.8065, 0.8990, 0.4892",0.15171704472222627
PYTORCH_5ANOS_recursive,ms,glp,0.058457863019589065,64.40677966101696,1.4610318426494076,"0.8343, 2.0391, 2.2011, 0.7897, 1.3686",0.08938402754858031
PYTORCH_5ANOS_direct,sp,glp,0.03479560249824856,69.49152542372882,-0.6539853320127851,"0.6331, 0.8929, 0.7174, 0.7732, 1.4150",0.04806893396666893
PYTORCH_5ANOS_recursive,ms,oleodiesel,0.1410489160742002,61.016949152542374,13.071516194985804,"0.8100, 1.2388, 1.2060, 1.4780, 2.4678",0.2986621033357621
PYTORCH_5ANOS_direct,sp,oleodiesel,0.05905158657854867,72.88135593220339,2.9648094644100254,"0.7325, 0.9964, 0.4862, 1.5919, 1.8068",0.09821165615482734
PYTORCH_5ANOS_recursive,ms,querosenedeaviacao,0.2827035656719945,47.45762711864407,2.235272277710304,"0.4016, 1.2877, 1.0850, 1.0819, 1.5724",0.20991692046986396
PYTORCH_5ANOS_direct,sp,querosenedeaviacao,0.3567018264045142,62.71186440677966,3.6620267347568354,"9.7405, 0.5468, 0.4991, 0.4817, 0.2822",0.379147729179984
PYTORCH_5ANOS_recursive,sp,etanolhidratado,0.2275306739495208,66.10169491525424,-8.362373940436022,"0.5113, 0.8811, 1.5469, 1.5273, 1.8422",0.42186138170321624
PYTORCH_5ANOS_direct,mg,etanolhidratado,0.4127194618275494,49.152542372881356,15.47780474456612,"3.1113, 2.9630, 1.4432, 0.8503, 0.8675",1.1275228710189487
PYTORCH_5ANOS_recursive,sp,gasolinac,0.09173203516692865,71.1864406779661,0.8354423003259184,"0.3821, 0.9511, 0.8111, 0.5933, 0.4859",0.14136285329252343
PYTORCH_5ANOS_direct,mg,gasolinac,0.1101090363808999,62.71186440677966,-1.2739020946013955,"1.8991, 1.5629, 0.7357, 0.7357, 0.4372",0.15687335799559138
PYTORCH_5ANOS_recursive,sp,glp,0.0347077465065639,61.016949152542374,-0.7782068585586875,"0.8105, 1.0179, 0.7859, 0.7435, 1.0288",0.046362929762693454
PYTORCH_5ANOS_direct,mg,glp,0.06091087815529251,76.27118644067797,-1.3840842488709297,"0.7700, 1.4819, 1.2625, 0.6331, 1.0060",0.07612345680911325
PYTORCH_5ANOS_recursive,sp,oleodiesel,0.053415896425705614,67.79661016949153,1.0325007149002725,"0.7117, 1.1713, 0.8520, 1.1550, 1.0639",0.08416183648110814
PYTORCH_5ANOS_direct,mg,oleodiesel,0.08068299273805093,71.1864406779661,5.326993481600888,"0.9415, 0.9510, 1.0974, 1.8940, 2.3697",0.13346256757251085
PYTORCH_5ANOS_recursive,sp,querosenedeaviacao,0.532875294523374,57.6271186440678,-8.746042475998186,"2.0168, 0.9917, 1.0181, 0.5480, 0.4926",0.5412234779520364
PYTORCH_5ANOS_direct,mg,querosenedeaviacao,0.8158225539752786,54.23728813559322,-18.508825764124712,"2.7463, 1.1094, 0.5561, 0.5190, 0.3211",0.5053949308598107
PYTORCH_5ANOS_recursive,mg,etanolhidratado,0.23165659349419837,47.45762711864407,-10.484012809578575,"0.3642, 0.8998, 1.2002, 1.7355, 0.5506",0.5677688914479873
PYTORCH_5ANOS_direct,al,etanolhidratado,0.4092854639481848,54.23728813559322,-13.964264274030155,"0.5278, 1.1947, 0.8789, 3.4653, 0.9757",0.4842137522320632
PYTORCH_5ANOS_recursive,mg,gasolinac,0.1266985989176913,57.6271186440678,-2.7460982336103656,"2.1666, 1.0195, 0.7783, 1.0878, 0.7748",0.1944656626874474
PYTORCH_5ANOS_direct,al,gasolinac,0.08945668104052258,61.016949152542374,5.365968888059433,"0.5082, 1.0843, 0.6239, 1.2657, 1.6071",0.2073899243287439
PYTORCH_5ANOS_recursive,mg,glp,0.06519754879837368,64.40677966101696,-1.6745905683354254,"0.9727, 1.6149, 1.5794, 0.5451, 0.9610",0.08252860603978389
PYTORCH_5ANOS_direct,al,glp,0.050164865481045845,76.27118644067797,3.4513544298535503,"0.9397, 0.9741, 0.4557, 0.8783, 1.5378",0.07465560078888377
PYTORCH_5ANOS_recursive,mg,oleodiesel,0.0645608370512228,69.49152542372882,3.7189045893358994,"0.7872, 1.2760, 0.7484, 1.3607, 1.6128",0.10700328822263987
PYTORCH_5ANOS_direct,al,oleodiesel,0.08027783153550629,74.57627118644068,4.792322345831719,"0.9450, 1.1422, 1.3878, 0.6542, 1.6061",0.11074044516449853
PYTORCH_5ANOS_direct,al,querosenedeaviacao,0.9492596862278099,64.40677966101696,11.572287840396632,"1.4901, 1.1576, 0.4369, 0.8998, 0.9631",0.5012716507107176
PYTORCH_5ANOS_recursive,mg,querosenedeaviacao,0.7596181949403827,61.016949152542374,10.87751288194908,"1.0285, 0.8619, 1.2672, 1.5242, 0.1414",0.5601613606795367
PYTORCH_5ANOS_direct,se,etanolhidratado,0.5046257679437228,52.54237288135593,-6.249944270202417,"1.6341, 0.8598, 1.1116, 2.3883, 0.7297",0.5911730324616792
PYTORCH_5ANOS_recursive,al,etanolhidratado,0.3878880263310584,49.152542372881356,-15.751282539369432,"1.3161, 1.2149, 1.0595, 1.9694, 0.3164",0.4665872975205134
PYTORCH_5ANOS_direct,se,gasolinac,0.09437813505493345,71.1864406779661,-2.1403771067465294,"1.0857, 1.2542, 0.9702, 0.9655, 1.2010",0.18375365005376096
PYTORCH_5ANOS_recursive,al,gasolinac,0.07690001861290452,61.016949152542374,3.0467428615391796,"0.4352, 1.2263, 0.5589, 1.0563, 0.9669",0.178345578689002
PYTORCH_5ANOS_direct,se,glp,0.07254645608957946,62.71186440677966,3.3944708039530176,"1.1082, 0.7105, 1.1494, 1.0465, 1.4350",0.11633346183694447
PYTORCH_5ANOS_recursive,al,glp,0.05306524335566598,72.88135593220339,2.630733971568432,"0.8217, 1.1298, 0.9872, 0.7896, 1.0901",0.07653772199504405
PYTORCH_5ANOS_direct,se,oleodiesel,0.07802390089546996,66.10169491525424,3.4988005695902706,"0.9365, 1.7263, 0.6615, 1.0475, 1.0863",0.13548574604016358
PYTORCH_5ANOS_recursive,al,oleodiesel,0.08359976599590085,77.96610169491525,3.895510934269153,"0.9209, 1.3245, 1.4906, 1.0033, 0.9089",0.11817520898311773
PYTORCH_5ANOS_direct,se,querosenedeaviacao,1.159862948707777,57.6271186440678,-32.190840054241605,"1.0935, 1.3769, 1.3669, 0.4764, 0.6875",0.47454532682410644
PYTORCH_5ANOS_recursive,al,querosenedeaviacao,0.9436508709749307,66.10169491525424,-7.144792642102403,"1.0931, 1.1771, 0.4113, 0.6619, 0.6760",0.454247807822441
PYTORCH_5ANOS_direct,ac,etanolhidratado,0.31397233921884243,52.54237288135593,7.0158904547587015,"0.9672, 1.2601, 0.5881, 0.8369, 1.0111",0.40999506714087935
PYTORCH_5ANOS_recursive,se,etanolhidratado,0.46017235469899526,55.932203389830505,-15.969712458846322,"1.1785, 1.3766, 1.1087, 1.7014, 0.4260",0.5724062648920074
PYTORCH_5ANOS_direct,ac,gasolinac,0.09357614774606708,57.6271186440678,5.355018805957208,"0.7742, 1.4491, 0.6246, 1.4182, 1.6363",0.2251028121220748
PYTORCH_5ANOS_recursive,se,gasolinac,0.0706436384716876,64.40677966101696,-2.0245413786924917,"0.7051, 1.1289, 0.9274, 0.7159, 0.5044",0.14197611292981732
PYTORCH_5ANOS_direct,ac,glp,0.053761709696540864,61.016949152542374,2.778681272736487,"1.4990, 1.2787, 0.9154, 0.8775, 1.3930",0.09015683931203634
PYTORCH_5ANOS_recursive,se,glp,0.06723911032864206,64.40677966101696,2.90610511210253,"0.9479, 1.0177, 1.2848, 0.6288, 1.5980",0.10939618162791732
PYTORCH_5ANOS_direct,ac,oleodiesel,0.05861976484761708,71.1864406779661,0.6103947835252269,"1.0713, 0.7483, 0.9883, 0.9756, 1.1200",0.07309491981654172
PYTORCH_5ANOS_recursive,se,oleodiesel,0.07557130176830826,61.016949152542374,4.985708626155757,"1.2093, 1.1661, 0.6003, 1.0595, 1.2147",0.14167386357115208
PYTORCH_5ANOS_direct,ac,querosenedeaviacao,0.9559824479556076,55.932203389830505,-50.7286263274516,"1.3765, 2.1193, 1.9853, 2.1239, 1.8530",0.454602569201666
PYTORCH_5ANOS_recursive,se,querosenedeaviacao,0.9211252236363952,57.6271186440678,10.337489250002166,"1.2972, 0.7232, 1.6266, 1.3661, 0.5974",0.4515418106946617
PYTORCH_5ANOS_direct,pa,etanolhidratado,0.2700713832628247,49.152542372881356,22.369603999853606,"1.2897, 0.8937, 0.4158, 1.1487, 1.1171",0.4072877910612636
PYTORCH_5ANOS_recursive,ac,etanolhidratado,0.3312488303461651,45.76271186440678,17.479220116729437,"1.5299, 0.7925, 0.6121, 1.2363, 1.2928",0.4798627311835779
PYTORCH_5ANOS_direct,pa,gasolinac,0.10330620536283235,69.49152542372882,8.769961577845567,"0.8867, 1.5154, 1.0777, 1.5836, 1.8570",0.2520964672487462
PYTORCH_5ANOS_recursive,ac,gasolinac,0.07653796547234687,71.1864406779661,3.7355603423929544,"0.9414, 1.0198, 0.7009, 1.2304, 0.8972",0.16912427556880644
PYTORCH_5ANOS_direct,pa,glp,0.04682538888807721,81.35593220338983,3.4713545763843014,"1.2727, 0.7497, 1.5975, 0.6747, 1.8659",0.07466347424878723
PYTORCH_5ANOS_recursive,ac,glp,0.05025639558609192,76.27118644067797,3.087267057518387,"1.5534, 1.1440, 0.9577, 1.0055, 1.0129",0.08176812745908123
PYTORCH_5ANOS_direct,pa,oleodiesel,0.13783232004673882,61.016949152542374,13.725804478382397,"2.1122, 2.2846, 2.5516, 4.2583, 2.1458",0.28043889526263854
PYTORCH_5ANOS_recursive,ac,oleodiesel,0.07933327695878965,71.1864406779661,4.75022099730076,"1.3986, 0.6595, 3.2853, 1.0803, 0.9850",0.10344192137726203
PYTORCH_5ANOS_direct,pa,querosenedeaviacao,0.3686885565058009,61.016949152542374,-7.727479852060832,"2.1029, 1.2400, 0.8787, 0.4109, 0.4847",0.25954300266560654
PYTORCH_5ANOS_recursive,ac,querosenedeaviacao,0.9759485420979107,47.45762711864407,-23.929108655705715,"1.9352, 2.2374, 1.6186, 0.8227, 1.1156",0.43941670336474326
PYTORCH_5ANOS_direct,am,etanolhidratado,0.3463120798580987,42.3728813559322,31.668103871679403,"2.0287, 1.9328, 1.5196, 1.1544, 0.9749",0.9478022144701941
PYTORCH_5ANOS_recursive,pa,etanolhidratado,0.44915366519661126,50.847457627118644,39.06727614628399,"3.9456, 1.5385, 0.2690, 3.4052, 0.7152",0.5607695163946742
PYTORCH_5ANOS_direct,am,gasolinac,0.090646056834589,55.932203389830505,0.47270830704692135,"0.6837, 1.1541, 0.4884, 1.1597, 0.5115",0.17782213107262962
PYTORCH_5ANOS_direct,am,glp,0.044635795240072995,64.40677966101696,-0.4732416560006529,"1.2146, 0.7046, 1.5097, 0.7429, 0.7694",0.06613440205947216
PYTORCH_5ANOS_recursive,pa,gasolinac,0.08090587928896448,69.49152542372882,3.8902859665660947,"0.9365, 1.4075, 0.6080, 0.9272, 1.4177",0.2004606071362604
PYTORCH_5ANOS_direct,am,oleodiesel,0.19314915094600246,69.49152542372882,15.033101229024068,"0.9253, 0.4464, 1.5518, 1.5658, 0.6624",0.2939376023114548
PYTORCH_5ANOS_recursive,pa,glp,0.04796569586590442,69.49152542372882,3.7156840774608466,"1.1290, 0.7582, 2.2735, 1.1519, 1.1734",0.07376244288319964
PYTORCH_5ANOS_direct,am,querosenedeaviacao,0.3041146298208855,67.79661016949153,-16.463421562511073,"3.9961, 1.3396, 0.5820, 0.7617, 0.2864",0.21294476022480513
PYTORCH_5ANOS_recursive,pa,oleodiesel,0.07672516122993489,64.40677966101696,6.966444116558828,"2.1514, 1.2958, 0.9312, 1.0148, 2.0344",0.175781767176881
PYTORCH_5ANOS_direct,go,etanolhidratado,0.27301081563840107,45.76271186440678,12.156981305698286,"3.6162, 2.7858, 1.1331, 2.2294, 0.8475",0.778087896639805
PYTORCH_5ANOS_recursive,pa,querosenedeaviacao,0.35857660154151233,62.71186440677966,-6.204495570850174,"0.9719, 1.0227, 0.9958, 0.4606, 0.7208",0.26739405425874
PYTORCH_5ANOS_direct,go,gasolinac,0.1403529919684195,64.40677966101696,-3.41813800673074,"2.5182, 2.2249, 0.7472, 0.8896, 0.5053",0.2065215042167882
PYTORCH_5ANOS_recursive,am,etanolhidratado,0.26098671328339923,50.847457627118644,17.851127394313025,"1.8556, 0.7839, 0.8456, 0.8499, 1.0130",0.755355765954641
PYTORCH_5ANOS_direct,go,glp,0.05704552383864482,59.32203389830509,3.69282853223762,"1.0530, 2.1370, 2.6729, 1.3618, 0.9947",0.08614703148864748
PYTORCH_5ANOS_recursive,am,gasolinac,0.09193329933497418,57.6271186440678,1.2766993089898544,"1.1618, 1.1097, 0.4327, 1.1553, 0.5289",0.17609997996084098
PYTORCH_5ANOS_direct,go,oleodiesel,0.11069738653899365,89.83050847457628,10.272248711447139,"0.7353, 0.9194, 1.0875, 4.4343, 2.9634",0.22344380089426324
PYTORCH_5ANOS_recursive,am,glp,0.045249342833324345,59.32203389830509,2.4490895839109226,"1.1757, 0.9403, 1.0400, 0.8139, 0.8968",0.0706577280410023
PYTORCH_5ANOS_direct,go,querosenedeaviacao,0.34430534550079855,50.847457627118644,-5.302918786517662,"1.1953, 1.0121, 0.5943, 0.7452, 0.3467",0.3761267799618724
PYTORCH_5ANOS_recursive,am,oleodiesel,0.17766078598384277,59.32203389830509,3.1368370458839667,"0.9817, 0.5629, 0.8760, 1.8232, 0.7542",0.2401399428055317
PYTORCH_5ANOS_direct,ce,etanolhidratado,0.24452958694164117,37.28813559322034,7.3219985115742405,"0.7071, 0.9847, 0.5078, 1.5287, 1.0723",0.379525736508896
PYTORCH_5ANOS_recursive,am,querosenedeaviacao,0.33380093424058777,66.10169491525424,1.648614658932511,"1.0703, 1.1552, 1.5698, 0.8917, 0.8878",0.2500193079683784
PYTORCH_5ANOS_direct,ce,gasolinac,0.09974286561428758,50.847457627118644,3.462609477576027,"1.0205, 1.2777, 0.6579, 0.9559, 1.8677",0.22440481793489517
PYTORCH_5ANOS_recursive,go,etanolhidratado,0.19513158926562665,55.932203389830505,-0.9408859939600439,"0.6862, 1.0389, 1.1915, 5.8361, 0.5151",0.5178535270041219
PYTORCH_5ANOS_direct,ce,glp,0.038751697863898406,69.49152542372882,0.7395989477058821,"1.3227, 1.2590, 0.7896, 1.1618, 1.4040",0.06267708270004836
PYTORCH_5ANOS_recursive,go,gasolinac,0.11550959929984399,59.32203389830509,-4.9990893657139335,"2.5568, 1.4125, 0.6515, 0.7308, 0.4193",0.17929528559665991
PYTORCH_5ANOS_direct,ce,oleodiesel,0.06996345278768781,66.10169491525424,1.4573549729374946,"0.9265, 1.1217, 0.4410, 1.9392, 0.9390",0.12167989564011505
PYTORCH_5ANOS_recursive,go,glp,0.05244558604859825,66.10169491525424,2.318881352046253,"1.1739, 1.9266, 1.9759, 1.0522, 1.2477",0.07930293400039401
PYTORCH_5ANOS_direct,ce,querosenedeaviacao,0.8107097327878533,71.1864406779661,-1.5362219567440296,"1.4895, 1.3057, 1.4177, 0.4476, 0.8355",0.5700963362834474
PYTORCH_5ANOS_recursive,go,oleodiesel,0.08533211188264388,83.05084745762711,6.232658023143445,"1.1062, 0.6749, 1.6009, 1.6892, 1.4488",0.17275689111076645
PYTORCH_5ANOS_recursive,go,querosenedeaviacao,0.35348810450082646,40.67796610169491,-0.3036148075469407,"1.3410, 0.8747, 0.6927, 1.0748, 0.4178",0.4089704654843809
PYTORCH_5ANOS_recursive,ce,etanolhidratado,0.39100518252316196,49.152542372881356,15.131303156098271,"2.2721, 1.6704, 1.3430, 2.3526, 0.9114",0.5162563587102496
PYTORCH_5ANOS_recursive,ce,gasolinac,0.08196660047471552,67.79661016949153,1.2984029081462345,"1.0679, 1.2661, 0.7046, 0.8078, 0.6072",0.18366210492008384
PYTORCH_5ANOS_recursive,ce,glp,0.03822130679972214,71.1864406779661,-0.05049347709354707,"1.2317, 1.2775, 0.8282, 1.3036, 1.0882",0.06500858848577284
PYTORCH_5ANOS_recursive,ce,oleodiesel,0.061768924278373855,81.35593220338983,-0.028452846021924973,"0.9482, 1.0527, 0.3706, 1.0896, 1.0293",0.1099166701006806
PYTORCH_5ANOS_recursive,ce,querosenedeaviacao,0.7780102108795235,69.49152542372882,-8.353614658635841,"1.2944, 1.0732, 1.3742, 0.2552, 3.3224",0.5419845638627542
