etanolhidratado,ac,LagLlama,"[438.39739990234375, 476.9895935058594, 547.4361572265625, 568.0856323242188, 553.4027099609375, 528.75390625, 546.1986083984375, 517.4769287109375, 514.4597778320312, 513.0444946289062, 434.73419189453125, 417.8636779785156]"
etanolhidratado,ac,LagLlama,"[439.419189453125, 478.591064453125, 549.8198852539062, 569.6619873046875, 553.546142578125, 528.3639526367188, 546.5961303710938, 517.0081176757812, 511.86419677734375, 511.061279296875, 433.8504943847656, 417.98150634765625]"
etanolhidratado,al,LagLlama,"[5349.216796875, 4775.5927734375, 6290.29931640625, 7079.55078125, 5723.3310546875, 4744.9384765625, 3946.015625, 3739.688720703125, 3726.297607421875, 4883.56396484375, 3602.34912109375, 4042.80224609375]"
etanolhidratado,al,LagLlama,"[5311.5888671875, 4746.46533203125, 6282.49267578125, 7079.29443359375, 5733.2578125, 4752.6318359375, 3980.26123046875, 3759.823486328125, 3727.009765625, 4906.16162109375, 3630.125, 4052.51318359375]"
etanolhidratado,am,LagLlama,"[8947.634765625, 8601.2646484375, 10370.58984375, 10647.263671875, 8484.228515625, 7999.8623046875, 8928.142578125, 8245.5087890625, 6641.01318359375, 6735.68994140625, 6692.1953125, 7542.59765625]"
etanolhidratado,am,LagLlama,"[8980.19921875, 8630.4404296875, 10439.2763671875, 10795.7197265625, 8496.158203125, 7970.6533203125, 8894.58203125, 8259.9736328125, 6676.7255859375, 6735.91162109375, 6787.75, 7614.80224609375]"
etanolhidratado,ap,LagLlama,"[35.625823974609375, 30.194210052490234, 45.539424896240234, 42.922122955322266, 42.390289306640625, 43.84117889404297, 34.248634338378906, 47.39553451538086, 38.18345642089844, 39.65473175048828, 46.48671340942383, 42.60987091064453]"
etanolhidratado,ap,LagLlama,"[35.40529251098633, 30.339054107666016, 45.18970489501953, 43.49167251586914, 42.640708923339844, 43.72172164916992, 34.910884857177734, 48.309478759765625, 38.39066696166992, 39.40848922729492, 45.731475830078125, 42.22084045410156]"
etanolhidratado,ba,LagLlama,"[35364.921875, 42235.3046875, 46360.6796875, 48842.53125, 45884.32421875, 43994.859375, 39650.03515625, 34821.08203125, 29899.86328125, 34664.4296875, 36396.8515625, 35636.8203125]"
etanolhidratado,ba,LagLlama,"[35649.11328125, 42318.6640625, 46494.5, 48851.15234375, 45871.0859375, 43980.40234375, 39447.30859375, 34532.3203125, 29907.046875, 34987.9765625, 36947.26953125, 36198.3359375]"
etanolhidratado,ce,LagLlama,"[12050.5859375, 11257.9013671875, 11524.306640625, 11577.67578125, 10479.806640625, 10024.595703125, 9375.376953125, 9104.3251953125, 7782.1748046875, 9797.9951171875, 9892.1884765625, 9032.388671875]"
etanolhidratado,ce,LagLlama,"[12064.4326171875, 11285.9443359375, 11550.240234375, 11579.68359375, 10466.478515625, 9999.0654296875, 9351.998046875, 9097.4384765625, 7771.3828125, 9760.14453125, 9909.80078125, 9051.208984375]"
etanolhidratado,df,LagLlama,"[6960.03271484375, 5810.0830078125, 5355.61328125, 5631.56884765625, 5012.88525390625, 5047.2646484375, 5793.181640625, 5895.1689453125, 4770.38330078125, 5870.978515625, 4881.57470703125, 4791.48583984375]"
etanolhidratado,df,LagLlama,"[6954.1455078125, 5796.806640625, 5387.6357421875, 5665.02099609375, 5085.4150390625, 5072.6484375, 5763.50927734375, 5852.67431640625, 4740.0947265625, 5846.98095703125, 4945.4345703125, 4784.13916015625]"
etanolhidratado,es,LagLlama,"[3937.275390625, 3204.478515625, 3734.25732421875, 4680.6767578125, 3778.68310546875, 3421.905029296875, 3447.456298828125, 3816.84912109375, 3264.165771484375, 3019.377685546875, 3186.939697265625, 3047.6474609375]"
etanolhidratado,es,LagLlama,"[3938.63916015625, 3199.12744140625, 3729.719970703125, 4634.77978515625, 3730.13671875, 3421.725830078125, 3444.400390625, 3814.895263671875, 3279.6484375, 3032.9375, 3182.04833984375, 3037.211669921875]"
etanolhidratado,go,LagLlama,"[107253.6484375, 111973.140625, 122744.8515625, 136411.359375, 140734.828125, 147587.875, 150638.15625, 149313.28125, 136584.25, 144564.53125, 128579.109375, 127175.625]"
etanolhidratado,go,LagLlama,"[107507.75, 111667.75, 122700.4609375, 136211.46875, 140502.140625, 147343.109375, 149930.53125, 148745.796875, 136060.609375, 143993.984375, 128291.078125, 127202.953125]"
etanolhidratado,ma,LagLlama,"[2554.88623046875, 2466.046630859375, 2529.82666015625, 2509.042724609375, 2292.40966796875, 2025.306640625, 1847.382568359375, 1936.16015625, 2046.351806640625, 2108.669189453125, 1900.276123046875, 1795.1861572265625]"
etanolhidratado,ma,LagLlama,"[2564.950439453125, 2472.144287109375, 2538.365966796875, 2526.99365234375, 2300.09912109375, 2018.5191650390625, 1839.7874755859375, 1938.806884765625, 2052.07470703125, 2116.30810546875, 1903.623779296875, 1805.76171875]"
etanolhidratado,mg,LagLlama,"[155258.15625, 174312.03125, 189514.796875, 207445.4375, 229014.0, 233911.90625, 243466.171875, 258817.5, 237550.421875, 261834.96875, 234103.921875, 244513.078125]"
etanolhidratado,mg,LagLlama,"[154860.984375, 173855.453125, 188493.9375, 207384.59375, 227357.78125, 231979.078125, 241663.671875, 257236.09375, 236030.71875, 260928.03125, 232611.75, 242760.453125]"
etanolhidratado,ms,LagLlama,"[13574.4423828125, 13402.3251953125, 11816.1669921875, 11278.076171875, 10877.0107421875, 10764.919921875, 11104.3486328125, 11238.9765625, 11077.4794921875, 12937.115234375, 10231.8408203125, 9884.404296875]"
etanolhidratado,ms,LagLlama,"[13563.1376953125, 13399.3466796875, 11805.5849609375, 11273.2109375, 10852.474609375, 10779.5830078125, 11126.6513671875, 11278.7568359375, 11087.798828125, 12942.2568359375, 10225.2568359375, 9825.3544921875]"
etanolhidratado,mt,LagLlama,"[78200.9453125, 73898.3125, 78153.078125, 73983.7890625, 81633.5, 85803.71875, 84667.375, 84050.921875, 80283.8671875, 91023.4375, 80577.8671875, 75050.03125]"
etanolhidratado,mt,LagLlama,"[78419.4609375, 73748.96875, 77898.390625, 73744.9765625, 81296.640625, 85628.171875, 84343.59375, 83847.078125, 80123.578125, 90933.453125, 80610.34375, 75350.9375]"
etanolhidratado,pa,LagLlama,"[3204.41162109375, 3081.654052734375, 3689.50390625, 3545.576904296875, 3877.606689453125, 3133.676513671875, 2966.150390625, 2473.70361328125, 2382.8447265625, 2959.504638671875, 2779.115478515625, 2683.66845703125]"
etanolhidratado,pa,LagLlama,"[3197.8955078125, 3066.710693359375, 3691.09228515625, 3554.65673828125, 3904.571044921875, 3164.363525390625, 2978.73291015625, 2472.34326171875, 2384.92333984375, 2938.33837890625, 2750.54248046875, 2673.26708984375]"
etanolhidratado,pb,LagLlama,"[10304.3544921875, 12664.48828125, 11992.7841796875, 9506.849609375, 7584.90478515625, 6188.5751953125, 6383.65771484375, 10551.634765625, 12078.1474609375, 14794.826171875, 13553.310546875, 9483.802734375]"
etanolhidratado,pb,LagLlama,"[10315.8876953125, 12645.369140625, 11970.72265625, 9502.5830078125, 7620.1611328125, 6206.8427734375, 6383.82421875, 10498.0927734375, 12041.8095703125, 14764.6591796875, 13509.646484375, 9504.390625]"
etanolhidratado,pe,LagLlama,"[16496.09765625, 18667.796875, 20531.0390625, 19291.89453125, 16041.9404296875, 16538.203125, 18927.21484375, 19468.44140625, 17232.6796875, 16861.6953125, 17197.53125, 18277.833984375]"
etanolhidratado,pe,LagLlama,"[16463.17578125, 18592.578125, 20504.841796875, 19422.076171875, 16127.787109375, 16784.404296875, 19091.791015625, 19531.572265625, 17198.478515625, 17041.62109375, 17326.927734375, 18271.12890625]"
etanolhidratado,pi,LagLlama,"[4100.5390625, 4032.182373046875, 5008.90625, 5756.64111328125, 5560.0830078125, 5407.3974609375, 5126.6572265625, 5107.4970703125, 4947.7236328125, 4601.91259765625, 3999.994140625, 3441.583984375]"
etanolhidratado,pi,LagLlama,"[4096.0185546875, 4017.100341796875, 4996.22021484375, 5732.8359375, 5548.02685546875, 5433.6103515625, 5171.3603515625, 5148.93212890625, 4983.49267578125, 4662.64990234375, 4045.573486328125, 3482.59716796875]"
etanolhidratado,pr,LagLlama,"[76909.359375, 95667.703125, 108321.078125, 117622.9140625, 119834.078125, 122778.375, 123969.375, 126035.890625, 119417.859375, 145321.0, 125331.9375, 129105.390625]"
etanolhidratado,pr,LagLlama,"[76983.0859375, 95951.796875, 108453.171875, 117625.6015625, 120011.0625, 122926.953125, 124056.453125, 125601.25, 119583.671875, 145382.71875, 125910.7734375, 129757.4765625]"
etanolhidratado,rj,LagLlama,"[45466.28515625, 43318.9453125, 46450.8828125, 44451.6484375, 44885.53125, 44105.18359375, 45247.1015625, 46613.48828125, 44415.0078125, 49641.75390625, 44092.68359375, 44462.1796875]"
etanolhidratado,rj,LagLlama,"[45507.39453125, 43358.0078125, 46437.2421875, 44419.1015625, 45013.8828125, 43987.62109375, 44901.66796875, 46411.85546875, 44276.81640625, 49674.4140625, 43869.2421875, 44299.0234375]"
etanolhidratado,rn,LagLlama,"[4348.568359375, 4404.7158203125, 4663.015625, 5797.7724609375, 5899.3388671875, 5667.0263671875, 5362.146484375, 4671.6005859375, 3910.178955078125, 3857.72802734375, 3693.07666015625, 3591.66357421875]"
etanolhidratado,rn,LagLlama,"[4329.31005859375, 4415.76953125, 4665.45703125, 5813.29736328125, 5905.65771484375, 5657.64501953125, 5363.85791015625, 4652.6953125, 3898.3828125, 3840.563232421875, 3687.462158203125, 3560.17041015625]"
etanolhidratado,ro,LagLlama,"[970.1845703125, 1080.761474609375, 1075.842041015625, 1070.86669921875, 1145.8536376953125, 1087.9713134765625, 1049.3885498046875, 885.7766723632812, 847.3829345703125, 781.5556640625, 727.4642944335938, 776.2935180664062]"
etanolhidratado,ro,LagLlama,"[975.8414916992188, 1089.151611328125, 1076.482177734375, 1067.1199951171875, 1138.97119140625, 1078.676513671875, 1044.6427001953125, 888.4817504882812, 853.4886474609375, 777.5736083984375, 733.5509033203125, 778.7785034179688]"
etanolhidratado,rr,LagLlama,"[145.31227111816406, 131.66709899902344, 142.8601531982422, 152.75186157226562, 148.03579711914062, 165.03262329101562, 170.4080047607422, 166.2993621826172, 218.55322265625, 181.12831115722656, 239.2433624267578, 203.8712921142578]"
etanolhidratado,rr,LagLlama,"[144.7882080078125, 132.41021728515625, 142.45697021484375, 152.01284790039062, 146.7994842529297, 166.0759735107422, 169.42935180664062, 166.9471435546875, 219.19320678710938, 180.9976043701172, 239.80130004882812, 203.33670043945312]"
etanolhidratado,rs,LagLlama,"[3196.81201171875, 2669.06640625, 3170.22265625, 3311.21826171875, 3001.807373046875, 2997.21435546875, 3133.46923828125, 2987.88818359375, 2998.89208984375, 3164.16845703125, 2846.424560546875, 2661.174072265625]"
etanolhidratado,rs,LagLlama,"[3199.361083984375, 2657.41650390625, 3149.15185546875, 3366.68212890625, 3042.25146484375, 2947.819580078125, 3170.885498046875, 3005.916015625, 2954.05126953125, 3160.57373046875, 2868.776123046875, 2750.127197265625]"
etanolhidratado,sc,LagLlama,"[5572.8466796875, 4739.0693359375, 4621.5166015625, 4666.00244140625, 4334.27099609375, 5175.58642578125, 4991.53125, 4992.52880859375, 5782.00927734375, 5757.173828125, 5769.1201171875, 5005.87548828125]"
etanolhidratado,sc,LagLlama,"[5588.30078125, 4788.4638671875, 4637.41259765625, 4646.1787109375, 4324.5830078125, 5120.1162109375, 4959.220703125, 4965.9853515625, 5716.759765625, 5757.3779296875, 5774.7197265625, 5011.720703125]"
etanolhidratado,se,LagLlama,"[3003.525634765625, 3246.02734375, 3182.5107421875, 2654.198974609375, 2203.04052734375, 1693.2572021484375, 1541.8519287109375, 2249.39111328125, 2209.1123046875, 2812.6171875, 2711.674560546875, 2058.025146484375]"
etanolhidratado,se,LagLlama,"[3011.84521484375, 3267.2119140625, 3212.888916015625, 2677.869873046875, 2235.21337890625, 1706.8079833984375, 1543.8564453125, 2245.713134765625, 2211.438720703125, 2818.648193359375, 2705.126708984375, 2061.114501953125]"
etanolhidratado,sp,LagLlama,"[668368.4375, 679481.0625, 722140.5625, 772478.125, 805643.875, 876230.8125, 882308.875, 919945.8125, 873087.8125, 945048.1875, 835975.0, 853004.625]"
etanolhidratado,sp,LagLlama,"[665743.5, 680519.1875, 724994.9375, 775313.625, 807717.125, 877536.5, 883884.5, 919305.125, 869136.875, 945351.1875, 834946.5, 853109.3125]"
etanolhidratado,to,LagLlama,"[1853.62109375, 1911.118408203125, 2235.42236328125, 2252.673583984375, 2126.603271484375, 1865.747802734375, 1700.8363037109375, 1866.9622802734375, 1748.12890625, 1806.3238525390625, 2018.8228759765625, 1684.076171875]"
etanolhidratado,to,LagLlama,"[1846.4482421875, 1908.69140625, 2226.47119140625, 2249.941162109375, 2133.126220703125, 1864.863525390625, 1712.2076416015625, 1878.959716796875, 1746.7349853515625, 1811.5992431640625, 2013.2073974609375, 1685.9449462890625]"
gasolinac,ac,LagLlama,"[11615.76953125, 11266.126953125, 12760.4765625, 11704.419921875, 12445.6083984375, 13740.1201171875, 13495.7841796875, 13435.017578125, 13189.990234375, 14317.236328125, 12330.619140625, 11609.732421875]"
gasolinac,ac,LagLlama,"[11592.3310546875, 11249.5810546875, 12764.583984375, 11730.693359375, 12469.072265625, 13762.734375, 13490.375, 13446.2314453125, 13175.6171875, 14276.2451171875, 12300.8291015625, 11578.689453125]"
gasolinac,al,LagLlama,"[36774.51171875, 34727.9609375, 35827.69140625, 34178.6328125, 35859.40625, 39254.1328125, 40195.734375, 41012.875, 40376.58203125, 45676.875, 42024.3828125, 39483.6328125]"
gasolinac,al,LagLlama,"[36719.9296875, 34670.1484375, 35716.30859375, 34161.8046875, 35731.96484375, 39194.8984375, 40131.84375, 41065.0078125, 40364.6484375, 45687.1953125, 42225.484375, 39671.87109375]"
gasolinac,am,LagLlama,"[51665.4609375, 52692.9375, 57464.3046875, 54508.3203125, 55318.45703125, 60308.59375, 54699.90625, 55698.96875, 53799.8671875, 59163.26171875, 47799.1171875, 51507.27734375]"
gasolinac,am,LagLlama,"[51725.6484375, 52841.55078125, 57365.1015625, 54570.05078125, 55132.59375, 60190.60546875, 54628.39453125, 55696.8671875, 53582.13671875, 59021.2890625, 47645.49609375, 51841.109375]"
gasolinac,ap,LagLlama,"[16014.5576171875, 14787.7138671875, 16430.58984375, 16276.005859375, 16451.27734375, 17295.48828125, 17095.482421875, 17285.34375, 17123.49609375, 17960.423828125, 16170.771484375, 15674.541015625]"
gasolinac,ap,LagLlama,"[16025.0283203125, 14815.5673828125, 16422.044921875, 16282.580078125, 16435.5, 17325.365234375, 17106.474609375, 17282.93359375, 17148.83984375, 17952.4453125, 16184.775390625, 15695.9794921875]"
gasolinac,ba,LagLlama,"[162546.1875, 167131.484375, 168804.34375, 167154.53125, 162878.59375, 173228.328125, 169367.515625, 167917.484375, 162278.921875, 199048.53125, 192472.21875, 171822.578125]"
gasolinac,ba,LagLlama,"[162460.421875, 167200.0, 169276.46875, 167574.09375, 162963.84375, 172995.390625, 168662.453125, 166983.484375, 161911.34375, 198732.703125, 192875.578125, 172141.40625]"
gasolinac,ce,LagLlama,"[116475.421875, 109324.5, 110995.8984375, 117270.765625, 117163.640625, 124239.5859375, 122880.640625, 133992.640625, 124206.453125, 145050.078125, 127231.9140625, 118601.2109375]"
gasolinac,ce,LagLlama,"[116929.015625, 109563.0234375, 111442.3359375, 117540.5, 117547.140625, 124680.3359375, 123036.203125, 133906.625, 123995.1640625, 145334.5625, 127168.25, 118732.2890625]"
gasolinac,df,LagLlama,"[93251.078125, 86818.859375, 91665.1171875, 87745.4453125, 88319.4609375, 91652.015625, 86633.4921875, 87962.9609375, 83981.2265625, 96753.7890625, 81224.328125, 84004.0390625]"
gasolinac,df,LagLlama,"[93082.4296875, 86672.6796875, 91200.25, 87783.4296875, 88605.578125, 91509.328125, 86667.1484375, 88212.3203125, 84172.203125, 97176.90625, 81394.15625, 84239.859375]"
gasolinac,es,LagLlama,"[88352.265625, 85088.046875, 89602.203125, 89245.9296875, 90225.953125, 90516.1640625, 87110.328125, 89583.40625, 84965.25, 99792.890625, 89607.7109375, 85044.078125]"
gasolinac,es,LagLlama,"[88332.359375, 85003.9375, 89488.890625, 88960.0859375, 90239.8046875, 90406.9609375, 87247.6953125, 89443.8984375, 84928.765625, 99898.6484375, 89503.7578125, 85212.484375]"
gasolinac,go,LagLlama,"[140695.71875, 127990.5625, 124898.359375, 114882.6875, 122676.9140625, 124885.203125, 114849.984375, 128812.140625, 126677.453125, 151702.421875, 138267.65625, 138393.015625]"
gasolinac,go,LagLlama,"[140656.65625, 127883.5234375, 125024.25, 114771.078125, 122732.421875, 124760.5390625, 114513.359375, 128816.8359375, 126695.078125, 150972.3125, 137980.96875, 138170.6875]"
gasolinac,ma,LagLlama,"[75953.0078125, 71103.421875, 79565.234375, 73669.4609375, 81029.46875, 83889.0390625, 82727.9609375, 88439.265625, 83991.515625, 94025.3203125, 85991.3203125, 80336.5]"
gasolinac,ma,LagLlama,"[76003.6875, 71136.5625, 79812.96875, 73536.859375, 81097.609375, 84045.65625, 82964.3828125, 88355.640625, 83667.8046875, 93863.1875, 85562.125, 80044.0546875]"
gasolinac,mg,LagLlama,"[395198.34375, 365235.9375, 376734.4375, 351321.4375, 382815.84375, 379722.84375, 355515.125, 386392.3125, 371558.59375, 437508.4375, 372291.3125, 368998.75]"
gasolinac,mg,LagLlama,"[395357.34375, 364814.46875, 377309.90625, 352988.3125, 383595.8125, 380335.3125, 357198.34375, 386749.8125, 372005.5625, 439787.9375, 373717.9375, 371601.4375]"
gasolinac,ms,LagLlama,"[67515.75, 62986.92578125, 60132.76953125, 55411.0, 62032.1875, 62099.75, 58775.26171875, 63376.9375, 64630.78125, 76544.9296875, 61136.8125, 59230.0703125]"
gasolinac,ms,LagLlama,"[67469.203125, 63000.13671875, 60173.2890625, 55351.6640625, 61810.61328125, 61703.04296875, 58621.14453125, 63073.5546875, 64496.3046875, 76199.171875, 60959.4765625, 59347.95703125]"
gasolinac,mt,LagLlama,"[56850.95703125, 54232.9609375, 55808.07421875, 51620.71875, 53646.3671875, 55492.4375, 53514.0390625, 57129.01171875, 59040.08203125, 65687.359375, 60951.53125, 61726.2890625]"
gasolinac,mt,LagLlama,"[56862.8828125, 54110.64453125, 55392.1328125, 51432.1171875, 53628.4921875, 55516.7734375, 53546.26171875, 57225.1484375, 59044.6875, 65866.515625, 61073.76171875, 61763.3125]"
gasolinac,pa,LagLlama,"[101650.59375, 95909.9375, 105108.5234375, 102417.203125, 113816.3125, 112647.1484375, 106969.359375, 116696.921875, 113328.046875, 124953.671875, 111368.7265625, 102053.671875]"
gasolinac,pa,LagLlama,"[101736.3203125, 95944.3203125, 105002.984375, 102033.984375, 113613.9765625, 112461.609375, 106891.859375, 116090.6484375, 113197.6640625, 125035.0, 111276.4375, 102558.296875]"
gasolinac,pb,LagLlama,"[61264.625, 57491.64453125, 58904.2578125, 54803.1171875, 58452.3828125, 59576.63671875, 59148.48828125, 64873.03125, 63117.0390625, 72016.1953125, 65379.92578125, 60608.23046875]"
gasolinac,pb,LagLlama,"[61188.2109375, 57550.5625, 59003.375, 54788.6875, 58616.79296875, 59805.15625, 59202.01171875, 64930.54296875, 63114.26171875, 72132.7421875, 65521.1953125, 60565.6328125]"
gasolinac,pe,LagLlama,"[110612.4140625, 101896.3359375, 104322.53125, 101219.7265625, 103434.046875, 113929.1484375, 115927.046875, 125236.0390625, 111480.5859375, 132500.65625, 109816.8984375, 103181.9453125]"
gasolinac,pe,LagLlama,"[109997.375, 101777.984375, 103660.4296875, 100951.046875, 103473.359375, 114326.203125, 115693.078125, 125129.515625, 111320.1640625, 132221.46875, 109918.046875, 102779.1328125]"
gasolinac,pi,LagLlama,"[43227.50390625, 41406.48828125, 45062.24609375, 43489.94140625, 46650.51953125, 46903.34765625, 44899.28515625, 48006.60546875, 46106.1015625, 51461.72265625, 49292.01953125, 45161.49609375]"
gasolinac,pi,LagLlama,"[43485.21875, 41605.6796875, 45081.9765625, 43464.20703125, 46519.5546875, 46716.0546875, 44406.3359375, 47905.3515625, 46106.7421875, 51345.7734375, 49389.32421875, 45046.3828125]"
gasolinac,pr,LagLlama,"[265364.6875, 239348.34375, 221212.90625, 210794.625, 216968.65625, 208592.71875, 207463.65625, 208768.84375, 210155.046875, 237199.046875, 204465.21875, 209191.609375]"
gasolinac,pr,LagLlama,"[265296.625, 239693.671875, 221501.671875, 211267.0, 217262.796875, 209459.90625, 207971.515625, 208959.859375, 209794.90625, 237167.03125, 204520.75, 209340.53125]"
gasolinac,rj,LagLlama,"[178206.453125, 150420.671875, 154350.765625, 144843.5, 154149.171875, 159352.421875, 159092.25, 157958.0, 150740.25, 176626.1875, 148760.5, 151538.34375]"
gasolinac,rj,LagLlama,"[178208.546875, 150044.28125, 154628.375, 144451.0625, 154201.703125, 159618.125, 159052.90625, 157906.78125, 150691.75, 176417.96875, 149038.125, 151524.09375]"
gasolinac,rn,LagLlama,"[46788.109375, 43131.77734375, 47347.1328125, 45155.08984375, 48291.54296875, 49798.703125, 50048.8984375, 51459.0390625, 49863.23828125, 57072.09375, 49760.1953125, 48947.1171875]"
gasolinac,rn,LagLlama,"[46706.4609375, 43035.66796875, 47204.5234375, 45199.1171875, 48469.796875, 49869.0234375, 50097.98828125, 51481.55078125, 49826.4609375, 57241.8515625, 49827.54296875, 48909.6015625]"
gasolinac,ro,LagLlama,"[36131.9453125, 36390.98046875, 37830.51953125, 36028.39453125, 40041.5625, 42043.87109375, 39316.16796875, 40414.859375, 39500.5859375, 42549.3828125, 36927.2734375, 36290.859375]"
gasolinac,ro,LagLlama,"[36124.1171875, 36377.83203125, 37735.55078125, 36010.359375, 40050.21875, 42116.8359375, 39207.28515625, 40350.4296875, 39428.1875, 42687.55859375, 36964.2265625, 36294.4296875]"
gasolinac,rr,LagLlama,"[14701.6953125, 13297.8076171875, 13835.9658203125, 13624.4765625, 12927.6376953125, 15560.71875, 16521.978515625, 17570.08203125, 16694.84375, 18211.841796875, 15337.787109375, 15754.8642578125]"
gasolinac,rr,LagLlama,"[14700.4501953125, 13315.7138671875, 13830.5361328125, 13621.4765625, 12957.3173828125, 15536.7919921875, 16517.81640625, 17587.85546875, 16708.49609375, 18135.91015625, 15362.607421875, 15737.740234375]"
gasolinac,rs,LagLlama,"[299622.9375, 268712.9375, 257213.875, 255850.375, 270014.59375, 279148.5625, 286824.96875, 289559.125, 292016.6875, 345896.84375, 298474.3125, 284174.0625]"
gasolinac,rs,LagLlama,"[299577.1875, 268490.75, 258453.90625, 256064.625, 271023.5, 279248.03125, 287321.6875, 289958.8125, 292894.21875, 346797.09375, 297706.34375, 284496.125]"
gasolinac,sc,LagLlama,"[268062.78125, 250481.09375, 243308.703125, 242202.75, 246951.65625, 250616.25, 248154.046875, 259280.578125, 259044.90625, 299041.4375, 268847.9375, 262417.5625]"
gasolinac,sc,LagLlama,"[267746.8125, 250387.921875, 242295.828125, 242000.578125, 246429.34375, 250272.703125, 247815.28125, 259721.421875, 258835.421875, 299408.21875, 268915.8125, 261903.75]"
gasolinac,se,LagLlama,"[32164.953125, 29553.984375, 30798.73828125, 31146.01171875, 30508.359375, 33804.2265625, 32779.1328125, 35693.78125, 33407.3828125, 38105.2890625, 34772.3359375, 34022.359375]"
gasolinac,se,LagLlama,"[32298.744140625, 29640.03125, 30848.328125, 31137.875, 30579.197265625, 33883.1171875, 32874.7578125, 35776.5390625, 33457.4375, 38132.5703125, 34777.98828125, 34045.0546875]"
gasolinac,sp,LagLlama,"[860942.8125, 772958.3125, 746944.125, 669307.0, 643388.875, 668368.8125, 649634.1875, 656701.875, 670153.1875, 769044.0625, 671162.6875, 707076.9375]"
gasolinac,sp,LagLlama,"[860595.5, 771529.5625, 745879.75, 669727.0, 644406.0, 669471.125, 650921.9375, 658095.875, 671890.6875, 770281.375, 671922.5625, 707780.0]"
gasolinac,to,LagLlama,"[29029.458984375, 28949.61328125, 31464.08203125, 30060.86328125, 34934.8203125, 32908.14453125, 30981.634765625, 31369.53125, 30677.771484375, 36655.2265625, 32767.859375, 31850.994140625]"
gasolinac,to,LagLlama,"[29096.150390625, 28877.046875, 31356.275390625, 30044.44921875, 34961.12890625, 32944.859375, 30995.322265625, 31367.58984375, 30635.76171875, 36691.68359375, 32759.193359375, 31862.69921875]"
glp,ac,LagLlama,"[3413.94189453125, 2927.65673828125, 3221.341796875, 3233.82080078125, 3026.58251953125, 3442.666748046875, 2984.31787109375, 3193.69287109375, 3187.070068359375, 3301.013671875, 3091.47998046875, 3122.634765625]"
glp,ac,LagLlama,"[3416.221923828125, 2922.610107421875, 3214.781494140625, 3229.086181640625, 3021.886962890625, 3437.49267578125, 2989.4287109375, 3200.730224609375, 3192.792724609375, 3306.610595703125, 3100.624267578125, 3121.11083984375]"
glp,al,LagLlama,"[15442.400390625, 14086.908203125, 14348.529296875, 15562.9580078125, 15446.7939453125, 15965.2265625, 15304.015625, 15293.3857421875, 14732.8095703125, 15462.3935546875, 14905.078125, 13421.642578125]"
glp,al,LagLlama,"[15448.904296875, 14081.7451171875, 14367.7158203125, 15567.666015625, 15457.517578125, 15983.6904296875, 15334.6513671875, 15253.451171875, 14698.017578125, 15492.2626953125, 14844.0341796875, 13426.5654296875]"
glp,am,LagLlama,"[16661.685546875, 14317.2421875, 15533.275390625, 14984.4482421875, 15216.115234375, 16050.8251953125, 15106.4033203125, 15531.693359375, 14634.806640625, 15750.5390625, 14602.748046875, 15391.2529296875]"
glp,am,LagLlama,"[16673.498046875, 14304.7626953125, 15532.3232421875, 14947.009765625, 15248.8828125, 16013.267578125, 15080.8564453125, 15557.734375, 14576.7939453125, 15738.748046875, 14609.6982421875, 15386.078125]"
glp,ap,LagLlama,"[2919.343017578125, 2630.40283203125, 2738.80419921875, 2689.793701171875, 2719.322021484375, 2809.997802734375, 2672.86572265625, 2667.99462890625, 2611.87060546875, 2904.068603515625, 2661.810546875, 2584.462890625]"
glp,ap,LagLlama,"[2912.944091796875, 2627.745361328125, 2740.62158203125, 2690.876708984375, 2719.32470703125, 2806.44287109375, 2673.368408203125, 2667.15966796875, 2612.7099609375, 2889.83740234375, 2663.64111328125, 2582.10498046875]"
glp,ba,LagLlama,"[80101.0390625, 72125.796875, 77823.2109375, 81451.53125, 81744.6484375, 85158.09375, 79110.2734375, 79180.546875, 78623.7890625, 79886.8828125, 76704.953125, 70684.984375]"
glp,ba,LagLlama,"[80010.6484375, 72108.40625, 77919.3984375, 81481.796875, 81893.4765625, 85105.125, 79169.4921875, 79121.2421875, 78644.5, 79919.9375, 76809.046875, 70836.09375]"
glp,ce,LagLlama,"[43279.6171875, 41554.5546875, 43356.8828125, 44501.5546875, 42358.9296875, 46019.87109375, 42907.5546875, 44089.23046875, 41659.2734375, 43885.6640625, 43287.19921875, 38940.8359375]"
glp,ce,LagLlama,"[43350.7890625, 41526.6171875, 43498.77734375, 44617.2265625, 42438.98046875, 45921.43359375, 43028.625, 43953.109375, 41540.8515625, 43937.9765625, 43219.8359375, 39031.83203125]"
glp,df,LagLlama,"[15253.3984375, 14201.458984375, 15265.2001953125, 15447.8095703125, 15047.1484375, 15907.759765625, 14789.4248046875, 14363.5517578125, 14695.2294921875, 15095.5498046875, 13960.0576171875, 13632.8955078125]"
glp,df,LagLlama,"[15226.015625, 14200.552734375, 15287.9970703125, 15433.150390625, 15054.5419921875, 15890.064453125, 14779.0185546875, 14361.373046875, 14705.6640625, 15101.953125, 13960.990234375, 13619.302734375]"
glp,es,LagLlama,"[23536.81640625, 20550.6171875, 22819.6015625, 23868.75390625, 22965.025390625, 24268.63671875, 22999.474609375, 22301.98046875, 23162.00390625, 22801.328125, 21630.2265625, 20028.5625]"
glp,es,LagLlama,"[23543.361328125, 20520.591796875, 22804.818359375, 23865.33984375, 23017.974609375, 24290.484375, 23047.57421875, 22299.140625, 23133.744140625, 22760.96875, 21645.994140625, 19970.810546875]"
glp,go,LagLlama,"[48678.71875, 44780.7890625, 47901.19921875, 48525.984375, 48725.3828125, 50056.3984375, 45228.3359375, 47040.6875, 47142.0703125, 47479.65234375, 48284.77734375, 45543.09375]"
glp,go,LagLlama,"[48687.4453125, 44735.83984375, 47948.5546875, 48493.6953125, 48734.93359375, 50050.828125, 45282.9921875, 47038.8125, 47140.3359375, 47543.8359375, 48306.80859375, 45525.4375]"
glp,ma,LagLlama,"[26521.130859375, 26012.921875, 25477.53125, 25927.619140625, 25291.751953125, 25990.71875, 25407.921875, 25235.193359375, 25566.8515625, 26282.556640625, 25959.55078125, 24163.51171875]"
glp,ma,LagLlama,"[26499.099609375, 26036.06640625, 25519.388671875, 25945.365234375, 25301.10546875, 25983.66796875, 25450.30078125, 25233.1640625, 25582.541015625, 26253.693359375, 25855.40625, 24206.91015625]"
glp,mg,LagLlama,"[112922.171875, 102063.4609375, 108205.671875, 117656.2109375, 111088.203125, 116301.9609375, 107201.9140625, 105421.0, 109808.125, 108664.125, 108179.109375, 104766.4296875]"
glp,mg,LagLlama,"[112804.4375, 102157.9296875, 108002.953125, 117435.9140625, 111209.5, 115945.5390625, 107499.515625, 105322.453125, 109344.671875, 108643.6875, 108155.0625, 104730.125]"
glp,ms,LagLlama,"[15701.9716796875, 13379.830078125, 15743.177734375, 15865.765625, 15103.201171875, 16312.3046875, 15144.2734375, 14736.291015625, 14748.205078125, 14299.9873046875, 13665.0107421875, 13282.408203125]"
glp,ms,LagLlama,"[15691.787109375, 13394.966796875, 15729.556640625, 15863.4404296875, 15095.4013671875, 16319.556640625, 15133.4580078125, 14744.8955078125, 14728.654296875, 14292.484375, 13673.091796875, 13245.005859375]"
glp,mt,LagLlama,"[20558.236328125, 18640.138671875, 19594.06640625, 20099.8828125, 19624.15234375, 20588.46484375, 18831.6328125, 18414.21484375, 19876.736328125, 19217.37890625, 19587.849609375, 19155.83203125]"
glp,mt,LagLlama,"[20544.47265625, 18707.58203125, 19542.57421875, 20068.20703125, 19644.38671875, 20603.138671875, 18808.61328125, 18454.58984375, 19838.787109375, 19226.78515625, 19609.54296875, 19096.013671875]"
glp,pa,LagLlama,"[34966.3828125, 32296.59375, 33466.07421875, 33260.8359375, 31734.83203125, 34170.1171875, 31781.30078125, 33614.49609375, 32210.30859375, 33127.4765625, 33774.87890625, 31225.162109375]"
glp,pa,LagLlama,"[35014.796875, 32262.19140625, 33560.48828125, 33299.96875, 31774.453125, 34160.2265625, 31758.53125, 33666.15234375, 32246.85546875, 33209.1640625, 33851.5703125, 31297.619140625]"
glp,pb,LagLlama,"[21679.9140625, 19780.57421875, 20750.79296875, 21494.041015625, 22016.044921875, 22501.61328125, 21434.48828125, 20997.5703125, 19778.58203125, 20838.337890625, 20087.06640625, 18658.333984375]"
glp,pb,LagLlama,"[21637.783203125, 19796.265625, 20748.70703125, 21474.59765625, 22072.916015625, 22518.90234375, 21431.1171875, 20997.654296875, 19722.357421875, 20868.37890625, 20041.65234375, 18615.66015625]"
glp,pe,LagLlama,"[47203.6953125, 44616.70703125, 46192.2734375, 47488.1484375, 48522.01171875, 50246.94921875, 48032.8046875, 46586.0859375, 44241.0, 46835.1640625, 43606.0234375, 42548.0078125]"
glp,pe,LagLlama,"[47177.5546875, 44531.6875, 46294.2578125, 47366.35546875, 48559.8203125, 50249.3984375, 47966.9921875, 46656.25, 44209.04296875, 46787.2734375, 43620.3203125, 42522.94921875]"
glp,pi,LagLlama,"[14849.421875, 13665.5546875, 14088.759765625, 14490.287109375, 14242.365234375, 15234.470703125, 14019.314453125, 14266.755859375, 14616.072265625, 14129.1611328125, 14613.763671875, 14091.720703125]"
glp,pi,LagLlama,"[14852.958984375, 13664.2705078125, 14100.9951171875, 14482.5263671875, 14230.986328125, 15260.525390625, 14008.853515625, 14237.9951171875, 14612.0830078125, 14106.4169921875, 14608.0986328125, 14105.3623046875]"
glp,pr,LagLlama,"[80539.46875, 76358.078125, 84373.921875, 91314.109375, 84996.828125, 89800.4765625, 83919.359375, 83067.3671875, 82248.828125, 76284.8125, 74786.25, 72707.7109375]"
glp,pr,LagLlama,"[80528.625, 76503.0, 84311.15625, 91335.640625, 84933.3515625, 89681.2734375, 83963.9609375, 82894.6484375, 82375.5703125, 76360.328125, 74783.6015625, 72968.2265625]"
glp,rj,LagLlama,"[81685.3359375, 79156.2109375, 86542.984375, 88975.6640625, 85802.828125, 92532.9921875, 86655.7578125, 85098.2265625, 84769.609375, 89502.5703125, 76180.09375, 73509.921875]"
glp,rj,LagLlama,"[81658.046875, 79044.8828125, 86496.2890625, 89066.8828125, 85709.234375, 92569.125, 86627.7421875, 85099.1640625, 84848.953125, 89440.640625, 76309.984375, 73630.0703125]"
glp,rn,LagLlama,"[18210.22265625, 16100.9345703125, 17244.51171875, 18096.23046875, 18024.25390625, 18379.65625, 18340.05859375, 17462.908203125, 17142.279296875, 17282.53515625, 17342.86328125, 16414.91796875]"
glp,rn,LagLlama,"[18214.544921875, 16136.0546875, 17260.37890625, 18112.53515625, 17997.90234375, 18335.8203125, 18333.404296875, 17461.4609375, 17139.73046875, 17309.583984375, 17349.1640625, 16403.05078125]"
glp,ro,LagLlama,"[8419.63671875, 7480.3876953125, 7605.1474609375, 8223.0888671875, 7357.50537109375, 8494.513671875, 7421.37353515625, 7688.7001953125, 8074.7763671875, 8003.3408203125, 7429.18896484375, 7491.26953125]"
glp,ro,LagLlama,"[8411.7998046875, 7488.0595703125, 7610.17822265625, 8237.767578125, 7361.72119140625, 8501.046875, 7413.27978515625, 7685.09619140625, 8079.33447265625, 7988.4453125, 7432.7587890625, 7491.5087890625]"
glp,rr,LagLlama,"[2514.954833984375, 2235.55810546875, 2500.544677734375, 2296.631591796875, 2427.8203125, 2488.073974609375, 2332.541259765625, 2518.96826171875, 2393.996337890625, 2516.019287109375, 2324.818115234375, 2298.908203125]"
glp,rr,LagLlama,"[2520.539794921875, 2238.53076171875, 2501.7666015625, 2297.55810546875, 2430.698486328125, 2486.05859375, 2341.865234375, 2511.393798828125, 2392.510986328125, 2516.05126953125, 2323.61572265625, 2298.12109375]"
glp,rs,LagLlama,"[66909.640625, 64364.0703125, 73269.375, 76963.2578125, 73376.796875, 77964.578125, 71421.2421875, 72015.625, 68500.0078125, 63561.6015625, 59401.7734375, 58326.3671875]"
glp,rs,LagLlama,"[66843.90625, 64334.6953125, 73340.109375, 76886.7109375, 73247.171875, 77971.984375, 71436.515625, 71867.0703125, 68331.4296875, 63551.7890625, 59413.9765625, 58318.79296875]"
glp,sc,LagLlama,"[46712.5234375, 43704.90625, 47710.56640625, 51661.015625, 47060.51953125, 51385.390625, 47577.6328125, 47607.8671875, 47328.38671875, 43777.0234375, 42403.4609375, 41576.52734375]"
glp,sc,LagLlama,"[46696.921875, 43635.4140625, 47790.29296875, 51459.1484375, 47138.10546875, 51428.6640625, 47567.6640625, 47631.515625, 47275.67578125, 43904.6953125, 42410.26171875, 41607.04296875]"
glp,se,LagLlama,"[10808.431640625, 10544.119140625, 10730.5009765625, 10483.7802734375, 10709.490234375, 11010.5927734375, 10925.2451171875, 10602.5947265625, 10845.8994140625, 10627.619140625, 10422.658203125, 10054.291015625]"
glp,se,LagLlama,"[10813.041015625, 10541.115234375, 10730.0625, 10460.2939453125, 10702.177734375, 10977.2998046875, 10969.494140625, 10584.44140625, 10855.595703125, 10641.4169921875, 10410.603515625, 10082.2802734375]"
glp,sp,LagLlama,"[268971.1875, 254884.53125, 280449.59375, 280683.78125, 275210.03125, 293972.46875, 267658.1875, 271719.40625, 265964.125, 260370.40625, 257256.84375, 244033.625]"
glp,sp,LagLlama,"[269007.625, 254625.203125, 280872.34375, 280775.90625, 275188.15625, 294462.78125, 267257.90625, 271745.5625, 265599.6875, 260751.21875, 256270.046875, 244190.21875]"
glp,to,LagLlama,"[7123.8232421875, 6721.35546875, 6874.17822265625, 6831.48193359375, 6626.65087890625, 7097.8603515625, 6741.203125, 6589.73828125, 6998.7421875, 6823.63134765625, 6869.0791015625, 6741.2021484375]"
glp,to,LagLlama,"[7137.8544921875, 6717.16943359375, 6859.55322265625, 6833.86083984375, 6604.5517578125, 7101.36474609375, 6734.8076171875, 6575.4111328125, 6984.9375, 6824.4765625, 6850.4267578125, 6736.46728515625]"
oleodiesel,ac,LagLlama,"[11727.048828125, 11937.703125, 12815.5107421875, 13018.3408203125, 14415.7998046875, 14645.1875, 14490.513671875, 14886.173828125, 13670.0859375, 12248.4736328125, 11823.134765625, 11577.646484375]"
oleodiesel,ac,LagLlama,"[11701.6220703125, 11933.822265625, 12851.880859375, 13008.716796875, 14423.845703125, 14636.6689453125, 14476.607421875, 14881.3330078125, 13643.625, 12250.236328125, 11800.73828125, 11589.8896484375]"
oleodiesel,al,LagLlama,"[33344.22265625, 27008.19921875, 28253.146484375, 25135.203125, 25374.955078125, 28997.48828125, 31391.974609375, 36546.0859375, 36613.56640625, 37349.6328125, 36255.390625, 34716.3046875]"
oleodiesel,al,LagLlama,"[33288.09765625, 27017.734375, 28276.125, 25061.908203125, 25359.84765625, 28914.572265625, 31314.26953125, 36532.625, 36603.08984375, 37341.796875, 36227.25390625, 34656.515625]"
oleodiesel,am,LagLlama,"[80755.9140625, 79681.828125, 89681.828125, 91399.0625, 88190.3125, 88961.1796875, 86496.2265625, 82621.109375, 79722.484375, 76882.1015625, 73330.421875, 70706.296875]"
oleodiesel,am,LagLlama,"[80586.453125, 79877.2890625, 89578.484375, 91341.109375, 88238.4765625, 88699.3984375, 86365.3203125, 82535.0390625, 79839.96875, 76940.546875, 73503.734375, 70752.171875]"
oleodiesel,ap,LagLlama,"[8684.69140625, 9154.58203125, 10005.55078125, 10292.7607421875, 10762.1669921875, 11161.8193359375, 10524.6240234375, 12676.923828125, 24683.353515625, 26004.77734375, 27759.619140625, 28129.89453125]"
oleodiesel,ap,LagLlama,"[8677.224609375, 9157.5302734375, 10030.388671875, 10272.662109375, 10771.923828125, 11133.3505859375, 10498.6494140625, 12728.283203125, 24707.693359375, 26057.533203125, 27783.29296875, 28195.47265625]"
oleodiesel,ba,LagLlama,"[278409.09375, 266840.46875, 263063.5625, 262376.625, 281021.34375, 296499.34375, 290355.4375, 298581.53125, 282607.8125, 282961.59375, 259498.703125, 259563.53125]"
oleodiesel,ba,LagLlama,"[278845.3125, 266490.34375, 263174.65625, 262481.875, 281283.6875, 297149.34375, 290529.3125, 298731.375, 282582.875, 282936.9375, 259249.671875, 259959.34375]"
oleodiesel,ce,LagLlama,"[83959.4375, 76083.1875, 79087.96875, 85869.8515625, 87387.265625, 98193.7265625, 96934.7734375, 103935.3359375, 96868.9765625, 102230.5, 94076.328125, 85833.6640625]"
oleodiesel,ce,LagLlama,"[83953.2890625, 75958.4375, 79082.3984375, 85951.1640625, 87706.2578125, 98640.0390625, 96793.046875, 104096.640625, 97075.078125, 102025.0703125, 94025.4140625, 85843.046875]"
oleodiesel,df,LagLlama,"[34381.8203125, 29991.994140625, 34261.6015625, 32527.99609375, 31701.54296875, 35037.86328125, 33223.85546875, 34869.0234375, 31870.75, 32963.34765625, 27874.58984375, 29884.03515625]"
oleodiesel,df,LagLlama,"[34400.6953125, 29989.365234375, 34318.1171875, 32583.96875, 31687.01953125, 34991.55859375, 33311.44921875, 34849.7265625, 31962.978515625, 32958.6484375, 27944.166015625, 29969.4375]"
oleodiesel,es,LagLlama,"[101808.9453125, 92184.421875, 98949.078125, 93786.234375, 96446.5078125, 99259.21875, 93083.734375, 94637.5234375, 93635.421875, 93547.5390625, 95021.140625, 93472.484375]"
oleodiesel,es,LagLlama,"[101759.9921875, 92104.9375, 99188.3359375, 93832.703125, 96510.8671875, 99268.484375, 93357.6171875, 94771.5234375, 93510.875, 93722.90625, 94976.421875, 93660.1171875]"
oleodiesel,go,LagLlama,"[290658.9375, 253823.65625, 278197.0625, 280854.96875, 303165.1875, 309631.03125, 296521.78125, 310183.3125, 257000.546875, 231681.328125, 222426.25, 283065.0625]"
oleodiesel,go,LagLlama,"[291673.71875, 253820.953125, 279058.84375, 281499.6875, 303512.8125, 310598.4375, 295883.5625, 309960.03125, 256595.921875, 231969.453125, 223594.71875, 283699.1875]"
oleodiesel,ma,LagLlama,"[119060.984375, 112161.546875, 117827.0859375, 126890.2734375, 139092.8125, 146202.1875, 144251.046875, 147487.359375, 140356.203125, 132286.46875, 126065.3359375, 113884.109375]"
oleodiesel,ma,LagLlama,"[119280.109375, 112177.7265625, 118107.4609375, 127138.828125, 139228.921875, 146492.921875, 143995.53125, 147265.96875, 140241.234375, 131818.65625, 126418.9609375, 114019.890625]"
oleodiesel,mg,LagLlama,"[676580.5625, 631813.375, 664793.3125, 652822.125, 679128.625, 712649.3125, 673829.375, 682823.9375, 632086.4375, 584704.25, 553734.5, 581903.8125]"
oleodiesel,mg,LagLlama,"[674311.625, 631835.0, 664371.625, 651963.0, 677451.5, 710852.6875, 673673.375, 682377.125, 630650.625, 583887.625, 552891.125, 580381.25]"
oleodiesel,ms,LagLlama,"[168796.34375, 133467.953125, 131233.765625, 138303.046875, 162784.15625, 167550.640625, 159442.390625, 166011.765625, 143478.09375, 126535.421875, 121741.453125, 149356.03125]"
oleodiesel,ms,LagLlama,"[168259.34375, 132399.046875, 131358.09375, 137945.78125, 162398.71875, 167265.609375, 159474.46875, 166246.71875, 143875.1875, 127471.640625, 121632.3984375, 148686.0625]"
oleodiesel,mt,LagLlama,"[318669.90625, 230728.796875, 236668.46875, 316792.15625, 353533.09375, 318537.46875, 302426.5625, 324316.90625, 254759.046875, 232279.28125, 320333.09375, 359464.375]"
oleodiesel,mt,LagLlama,"[318299.3125, 230949.953125, 236129.28125, 316779.5625, 352995.3125, 318442.0625, 302048.5, 324493.90625, 255192.90625, 232060.921875, 322560.9375, 359567.1875]"
oleodiesel,pa,LagLlama,"[230556.453125, 222006.03125, 238440.171875, 234241.40625, 246637.65625, 267120.15625, 258752.59375, 259495.84375, 245370.75, 224301.46875, 215724.46875, 224670.5]"
oleodiesel,pa,LagLlama,"[231114.546875, 221674.03125, 238016.84375, 234612.875, 246297.09375, 267314.90625, 258469.09375, 259319.21875, 245059.96875, 224673.53125, 215771.921875, 223845.21875]"
oleodiesel,pb,LagLlama,"[35837.23828125, 32887.47265625, 34914.078125, 35458.38671875, 36302.44140625, 41183.859375, 40226.73828125, 41612.10546875, 41198.9296875, 41426.3984375, 39853.1328125, 35265.3671875]"
oleodiesel,pb,LagLlama,"[35824.296875, 32889.078125, 34868.98828125, 35335.6328125, 36329.4453125, 41137.1484375, 40188.56640625, 41614.0, 41044.58984375, 41333.8828125, 39833.0234375, 35390.23828125]"
oleodiesel,pe,LagLlama,"[127860.0, 116423.5234375, 121432.5859375, 128567.421875, 128178.6015625, 148286.546875, 148290.6875, 160385.09375, 155174.328125, 149853.984375, 144892.734375, 130055.2109375]"
oleodiesel,pe,LagLlama,"[127998.9140625, 116243.015625, 121401.640625, 128378.0, 128106.1484375, 148308.53125, 147914.390625, 159096.6875, 154172.75, 149067.734375, 144588.96875, 129558.171875]"
oleodiesel,pi,LagLlama,"[46631.5625, 44972.5390625, 47240.17578125, 48080.18359375, 50825.234375, 51655.3828125, 49151.48046875, 52551.94921875, 51774.2265625, 48322.45703125, 45175.8359375, 43891.0390625]"
oleodiesel,pi,LagLlama,"[46601.34765625, 44816.37890625, 47279.81640625, 48124.64453125, 50941.01171875, 51653.1484375, 49357.328125, 52550.2734375, 51681.0078125, 48140.015625, 45196.015625, 43903.19921875]"
oleodiesel,pr,LagLlama,"[567427.1875, 462521.15625, 465652.0, 482361.75, 520523.1875, 536700.6875, 529918.125, 543875.9375, 509084.0, 463417.75, 466119.9375, 525550.4375]"
oleodiesel,pr,LagLlama,"[569578.9375, 462968.6875, 465840.6875, 483573.84375, 520135.15625, 536884.875, 530613.5625, 543354.625, 508760.40625, 463203.90625, 467712.09375, 525869.75]"
oleodiesel,rj,LagLlama,"[221419.09375, 200224.609375, 212567.578125, 208696.46875, 214043.5, 219205.625, 214576.09375, 227591.578125, 205492.71875, 216148.28125, 209429.359375, 189273.46875]"
oleodiesel,rj,LagLlama,"[221337.96875, 200161.921875, 212785.03125, 208106.5625, 214489.28125, 218870.78125, 214868.625, 227569.65625, 205714.34375, 216175.34375, 209802.953125, 189664.796875]"
oleodiesel,rn,LagLlama,"[40632.2578125, 35500.7734375, 38514.31640625, 40680.0546875, 40049.546875, 45996.90625, 42773.4921875, 44680.046875, 41567.140625, 41337.7578125, 38307.0078125, 35112.4921875]"
oleodiesel,rn,LagLlama,"[40747.40625, 35516.3125, 38588.3125, 40693.35546875, 40073.84375, 45988.3515625, 42814.1953125, 44688.140625, 41517.69140625, 41470.2265625, 38124.71875, 35212.8515625]"
oleodiesel,ro,LagLlama,"[74352.1015625, 70295.515625, 72430.9375, 81186.296875, 83951.75, 85432.484375, 80254.984375, 82796.2734375, 85948.8671875, 77694.78125, 71914.5390625, 79380.375]"
oleodiesel,ro,LagLlama,"[74305.171875, 70161.046875, 72394.3125, 81199.2109375, 83800.953125, 85414.4296875, 80249.5, 82798.8671875, 86080.1328125, 77637.4375, 72031.9453125, 79503.796875]"
oleodiesel,rr,LagLlama,"[21073.552734375, 16632.21484375, 7509.50244140625, 6758.546875, 7791.8037109375, 9105.3203125, 8903.916015625, 9290.0478515625, 8248.818359375, 7712.5068359375, 7261.5390625, 7503.2177734375]"
oleodiesel,rr,LagLlama,"[20949.970703125, 16610.330078125, 7786.44677734375, 6864.98974609375, 7875.15869140625, 9315.2099609375, 9006.25, 9351.15234375, 8245.740234375, 7740.9677734375, 7297.41650390625, 7508.98681640625]"
oleodiesel,rs,LagLlama,"[376608.90625, 361643.90625, 289111.59375, 296892.40625, 297572.46875, 327907.21875, 309834.03125, 357592.53125, 356045.09375, 307404.5, 284649.90625, 292389.9375]"
oleodiesel,rs,LagLlama,"[376796.59375, 361776.125, 289751.6875, 296575.75, 297529.375, 327619.40625, 310413.4375, 357936.84375, 356182.53125, 307472.9375, 284856.71875, 292182.4375]"
oleodiesel,sc,LagLlama,"[265102.5625, 241128.28125, 241512.453125, 226254.53125, 228459.625, 251709.75, 246390.34375, 255946.0, 257773.5, 246539.75, 233232.453125, 237319.96875]"
oleodiesel,sc,LagLlama,"[264053.4375, 241512.671875, 241655.328125, 226071.15625, 228846.34375, 251366.375, 246886.96875, 255309.828125, 257606.78125, 246386.40625, 233226.796875, 237759.078125]"
oleodiesel,se,LagLlama,"[33928.19921875, 30626.58984375, 31373.31640625, 29573.875, 29124.85546875, 30474.755859375, 30723.146484375, 32674.453125, 32021.833984375, 31475.927734375, 30343.890625, 27987.037109375]"
oleodiesel,se,LagLlama,"[33887.4453125, 30596.43359375, 31351.27734375, 29544.365234375, 29154.255859375, 30463.82421875, 30729.912109375, 32667.5625, 32012.056640625, 31458.572265625, 30319.228515625, 27961.099609375]"
oleodiesel,sp,LagLlama,"[1084000.25, 1019415.0, 1089684.125, 1091876.25, 1116710.625, 1193078.125, 1109873.625, 1118251.125, 1041016.0, 957441.375, 875124.3125, 923491.6875]"
oleodiesel,sp,LagLlama,"[1085427.0, 1018370.3125, 1089982.875, 1091965.0, 1112863.25, 1192191.875, 1111389.0, 1117973.875, 1042139.1875, 957349.875, 876563.625, 923707.6875]"
oleodiesel,to,LagLlama,"[106781.8359375, 95357.25, 101102.5234375, 105724.046875, 112106.359375, 109565.796875, 108018.6875, 112819.3984375, 103443.4765625, 87046.03125, 90757.3671875, 107793.7265625]"
oleodiesel,to,LagLlama,"[106879.515625, 95616.59375, 101273.8359375, 105552.2265625, 111952.984375, 109296.7265625, 107616.0390625, 112327.5, 103224.0390625, 86800.5234375, 90791.765625, 107845.984375]"
querosenedeaviacao,ac,LagLlama,"[698.5918579101562, 688.2777709960938, 712.5162353515625, 744.8214111328125, 682.8421630859375, 653.635986328125, 695.9276123046875, 825.2316284179688, 879.81494140625, 943.9990234375, 952.3507080078125, 778.6903076171875]"
querosenedeaviacao,ac,LagLlama,"[697.7594604492188, 689.5554809570312, 712.2338256835938, 744.2039794921875, 682.0479736328125, 653.3016967773438, 695.9535522460938, 827.8209838867188, 880.8145751953125, 943.4016723632812, 954.3970947265625, 782.87060546875]"
querosenedeaviacao,al,LagLlama,"[4557.76318359375, 4568.0546875, 4814.07080078125, 4764.30126953125, 5639.5859375, 4907.61962890625, 5148.0107421875, 5771.431640625, 5407.8349609375, 6647.62255859375, 7546.99853515625, 4990.4609375]"
querosenedeaviacao,al,LagLlama,"[4552.998046875, 4562.55224609375, 4807.701171875, 4767.91064453125, 5627.806640625, 4904.1220703125, 5142.5380859375, 5772.20751953125, 5404.94921875, 6633.39453125, 7548.18212890625, 4992.83056640625]"
querosenedeaviacao,am,LagLlama,"[7343.3408203125, 7284.93505859375, 8583.8544921875, 9072.892578125, 10023.658203125, 10222.2060546875, 10984.71484375, 11207.033203125, 10513.86328125, 10706.46484375, 9344.591796875, 7797.0244140625]"
querosenedeaviacao,am,LagLlama,"[7333.7939453125, 7268.0302734375, 8574.7998046875, 9062.2763671875, 10050.052734375, 10207.9951171875, 10939.6005859375, 11172.19921875, 10486.861328125, 10675.08203125, 9323.755859375, 7761.9365234375]"
querosenedeaviacao,ap,LagLlama,"[377.1787109375, 314.8609924316406, 349.7655029296875, 369.29754638671875, 451.5773010253906, 424.9977111816406, 412.1341247558594, 453.90106201171875, 463.25, 496.65130615234375, 514.1094970703125, 378.7484130859375]"
querosenedeaviacao,ap,LagLlama,"[376.92822265625, 315.5271911621094, 350.22784423828125, 369.6583557128906, 451.2625427246094, 424.42938232421875, 411.077392578125, 454.00274658203125, 463.816650390625, 495.8517150878906, 513.6206665039062, 379.44842529296875]"
querosenedeaviacao,ba,LagLlama,"[16425.654296875, 13348.4892578125, 14014.833984375, 13742.787109375, 18628.7109375, 15941.4267578125, 15794.771484375, 16988.5625, 16429.84375, 21742.810546875, 20862.03125, 15329.328125]"
querosenedeaviacao,ba,LagLlama,"[16455.47265625, 13368.294921875, 14038.228515625, 13794.9267578125, 18604.7578125, 15965.373046875, 15854.4248046875, 17036.9375, 16512.61328125, 21792.16015625, 20820.740234375, 15413.8779296875]"
querosenedeaviacao,ce,LagLlama,"[15358.4013671875, 12866.509765625, 13692.431640625, 13910.7470703125, 15948.96875, 15725.421875, 15087.21875, 15935.625, 15527.947265625, 17228.087890625, 18159.44921875, 15131.015625]"
querosenedeaviacao,ce,LagLlama,"[15316.7763671875, 12816.3447265625, 13589.5546875, 13839.3857421875, 15892.193359375, 15665.0751953125, 15043.4736328125, 15924.927734375, 15541.5888671875, 17212.91796875, 18149.96875, 15123.580078125]"
querosenedeaviacao,df,LagLlama,"[27515.51953125, 28126.44921875, 29175.666015625, 28690.806640625, 31693.890625, 29443.58203125, 29189.125, 28872.23828125, 27223.24609375, 30047.896484375, 29000.796875, 24324.53125]"
querosenedeaviacao,df,LagLlama,"[27612.11328125, 28258.87890625, 29156.22265625, 28820.38671875, 31708.16015625, 29430.93359375, 29327.27734375, 28904.537109375, 27268.12890625, 30048.458984375, 29043.84375, 24299.66796875]"
querosenedeaviacao,es,LagLlama,"[2515.27978515625, 2302.642333984375, 2293.717041015625, 2300.354248046875, 2890.99267578125, 2668.841552734375, 2392.623046875, 2630.84033203125, 2752.961669921875, 2724.900146484375, 2861.664306640625, 2440.54248046875]"
querosenedeaviacao,es,LagLlama,"[2512.2685546875, 2303.57177734375, 2289.173828125, 2311.87353515625, 2890.95068359375, 2680.004638671875, 2385.246337890625, 2624.308837890625, 2750.89794921875, 2716.45849609375, 2874.824951171875, 2442.12353515625]"
querosenedeaviacao,go,LagLlama,"[4112.7158203125, 5204.01806640625, 6247.396484375, 6214.39453125, 6957.40625, 6448.3759765625, 5279.0947265625, 5844.03857421875, 5096.45263671875, 5488.3896484375, 5406.6767578125, 4839.751953125]"
querosenedeaviacao,go,LagLlama,"[4112.69873046875, 5209.0439453125, 6250.2841796875, 6220.1181640625, 6963.4794921875, 6418.83251953125, 5236.0966796875, 5820.357421875, 5070.390625, 5517.384765625, 5340.98828125, 4804.2900390625]"
querosenedeaviacao,ma,LagLlama,"[1672.0120849609375, 1454.97607421875, 1569.4195556640625, 1656.675537109375, 2323.488525390625, 2375.425048828125, 2253.93994140625, 2619.469482421875, 2430.331787109375, 3115.170654296875, 2773.3251953125, 2180.71875]"
querosenedeaviacao,ma,LagLlama,"[1674.3424072265625, 1452.587158203125, 1571.492919921875, 1656.7965087890625, 2315.36865234375, 2382.021240234375, 2260.875244140625, 2612.58056640625, 2435.997314453125, 3126.868896484375, 2773.66650390625, 2184.488525390625]"
querosenedeaviacao,mg,LagLlama,"[11318.220703125, 10606.3662109375, 10832.2705078125, 10724.099609375, 13631.123046875, 13925.345703125, 14998.3798828125, 15561.134765625, 15097.5908203125, 17637.5703125, 18453.94921875, 15390.748046875]"
querosenedeaviacao,mg,LagLlama,"[11285.84375, 10498.1591796875, 10795.951171875, 10582.8203125, 13505.353515625, 13901.4453125, 15004.271484375, 15599.345703125, 15108.1669921875, 17665.458984375, 18450.37890625, 15384.625]"
querosenedeaviacao,ms,LagLlama,"[2389.772216796875, 1921.316650390625, 1812.615478515625, 1364.474365234375, 1427.1436767578125, 1971.1171875, 1780.4603271484375, 2208.98095703125, 2131.14404296875, 2540.86083984375, 2417.468505859375, 2291.5625]"
querosenedeaviacao,ms,LagLlama,"[2394.7197265625, 1917.2952880859375, 1812.5501708984375, 1368.552001953125, 1416.125732421875, 1951.900146484375, 1776.1829833984375, 2203.70166015625, 2111.02197265625, 2534.918212890625, 2397.919189453125, 2282.09912109375]"
querosenedeaviacao,mt,LagLlama,"[5914.71044921875, 4128.28515625, 3455.38232421875, 2563.72119140625, 2602.746337890625, 2689.688720703125, 3603.010986328125, 5277.21728515625, 5774.87890625, 6025.2568359375, 7208.2626953125, 5203.6455078125]"
querosenedeaviacao,mt,LagLlama,"[5934.54248046875, 4148.3271484375, 3461.280029296875, 2559.1396484375, 2605.40185546875, 2706.755615234375, 3613.270263671875, 5266.32080078125, 5797.24560546875, 6031.22998046875, 7211.86572265625, 5192.37158203125]"
querosenedeaviacao,pa,LagLlama,"[5127.6591796875, 5658.068359375, 6385.1865234375, 6887.12646484375, 8578.33984375, 7929.93603515625, 8228.1923828125, 8960.3623046875, 8729.275390625, 9827.337890625, 9326.900390625, 7884.69384765625]"
querosenedeaviacao,pa,LagLlama,"[5152.70556640625, 5665.64697265625, 6351.33544921875, 6877.08349609375, 8555.4384765625, 7921.41650390625, 8228.5244140625, 8947.060546875, 8712.146484375, 9800.9482421875, 9341.962890625, 7888.7548828125]"
querosenedeaviacao,pb,LagLlama,"[3108.22802734375, 3167.3955078125, 3193.3740234375, 3708.969970703125, 4073.40185546875, 3581.27490234375, 3415.423095703125, 3750.859375, 3777.552001953125, 4445.9853515625, 4511.74951171875, 3941.77197265625]"
querosenedeaviacao,pb,LagLlama,"[3097.333251953125, 3171.283447265625, 3192.86669921875, 3712.143310546875, 4075.406982421875, 3587.315673828125, 3433.336669921875, 3749.04638671875, 3776.295654296875, 4454.6953125, 4520.3720703125, 3949.35107421875]"
querosenedeaviacao,pe,LagLlama,"[19421.2265625, 17951.86328125, 18152.478515625, 19352.435546875, 22766.849609375, 20058.140625, 19334.1953125, 20301.30078125, 19409.36328125, 22393.75390625, 23980.181640625, 19416.18359375]"
querosenedeaviacao,pe,LagLlama,"[19408.630859375, 17914.423828125, 18106.826171875, 19331.140625, 22786.951171875, 20082.14453125, 19319.40234375, 20305.30859375, 19432.80859375, 22430.5078125, 23995.494140625, 19420.796875]"
querosenedeaviacao,pi,LagLlama,"[1324.196533203125, 1172.75048828125, 1254.9615478515625, 1226.9088134765625, 1378.9400634765625, 1382.3135986328125, 1575.13916015625, 1651.5648193359375, 1632.6907958984375, 1914.797607421875, 2220.946044921875, 1454.1014404296875]"
querosenedeaviacao,pi,LagLlama,"[1323.008056640625, 1169.44970703125, 1249.1610107421875, 1222.370361328125, 1372.2613525390625, 1378.301513671875, 1574.393310546875, 1652.271484375, 1635.088134765625, 1915.153076171875, 2221.785888671875, 1454.0927734375]"
querosenedeaviacao,pr,LagLlama,"[6359.95361328125, 6006.66796875, 6847.1123046875, 6963.734375, 8468.4306640625, 9414.302734375, 9660.064453125, 9879.0703125, 10410.548828125, 10865.490234375, 10982.2265625, 9469.0478515625]"
querosenedeaviacao,pr,LagLlama,"[6379.86962890625, 6129.8212890625, 6931.93212890625, 7067.77490234375, 8513.216796875, 9435.6552734375, 9659.2177734375, 9907.884765625, 10429.9287109375, 10899.982421875, 11004.26953125, 9511.8662109375]"
querosenedeaviacao,rj,LagLlama,"[54388.1484375, 49751.9921875, 52045.2265625, 49071.73046875, 52638.5, 52960.34375, 52652.21875, 52879.78125, 51653.875, 53440.23828125, 54246.28125, 50154.0234375]"
querosenedeaviacao,rj,LagLlama,"[54512.30078125, 49739.81640625, 52080.43359375, 49135.625, 52869.26171875, 53028.90625, 52811.2890625, 52940.40625, 51784.8828125, 53595.73828125, 54507.9296875, 50407.3828125]"
querosenedeaviacao,rn,LagLlama,"[5572.2255859375, 5176.94775390625, 5551.1865234375, 5667.8759765625, 7638.8310546875, 6130.328125, 5992.29150390625, 5983.8203125, 5789.3359375, 6754.9736328125, 7389.7314453125, 5538.2548828125]"
querosenedeaviacao,rn,LagLlama,"[5568.7705078125, 5190.787109375, 5559.4970703125, 5674.11767578125, 7621.63818359375, 6131.83935546875, 5990.7001953125, 5990.4912109375, 5762.31103515625, 6761.6337890625, 7369.4423828125, 5534.212890625]"
querosenedeaviacao,ro,LagLlama,"[1381.85595703125, 1578.2996826171875, 1282.595947265625, 1298.2320556640625, 1356.972412109375, 1285.625244140625, 1250.7471923828125, 1237.457763671875, 1127.7498779296875, 1436.447021484375, 1835.1966552734375, 1261.5462646484375]"
querosenedeaviacao,ro,LagLlama,"[1382.553466796875, 1566.367919921875, 1275.523681640625, 1293.440673828125, 1348.280029296875, 1288.660400390625, 1243.597412109375, 1229.694091796875, 1132.717529296875, 1443.9219970703125, 1826.1060791015625, 1262.2589111328125]"
querosenedeaviacao,rr,LagLlama,"[738.1778564453125, 739.4264526367188, 695.96435546875, 745.5781860351562, 769.6729736328125, 953.6876831054688, 624.5135498046875, 702.1337890625, 649.0051879882812, 659.4083862304688, 473.15570068359375, 606.0601806640625]"
querosenedeaviacao,rr,LagLlama,"[738.6204223632812, 739.70263671875, 696.9180297851562, 751.525390625, 770.9602661132812, 956.8297119140625, 624.06494140625, 701.556884765625, 649.0115356445312, 660.5535888671875, 473.45977783203125, 605.4896240234375]"
querosenedeaviacao,rs,LagLlama,"[5863.89306640625, 4530.083984375, 4060.74853515625, 2948.754638671875, 2816.85302734375, 2905.073486328125, 3554.41357421875, 4562.9677734375, 4719.384765625, 5643.04296875, 6908.6064453125, 6317.8798828125]"
querosenedeaviacao,rs,LagLlama,"[5870.1572265625, 4539.3447265625, 4061.18017578125, 2901.786376953125, 2810.103515625, 2925.95849609375, 3540.58740234375, 4607.7490234375, 4781.9326171875, 5690.22265625, 6892.06884765625, 6328.08447265625]"
querosenedeaviacao,sc,LagLlama,"[5528.19873046875, 5595.57763671875, 5409.43896484375, 5325.8505859375, 4847.14990234375, 4629.85546875, 4764.7255859375, 5281.9033203125, 6193.84765625, 7383.8203125, 7825.7294921875, 6969.10791015625]"
querosenedeaviacao,sc,LagLlama,"[5526.05029296875, 5606.3017578125, 5390.16552734375, 5314.9443359375, 4865.69873046875, 4672.283203125, 4802.4091796875, 5294.8974609375, 6212.25341796875, 7436.6240234375, 7834.1796875, 6968.70556640625]"
querosenedeaviacao,se,LagLlama,"[1473.57080078125, 1629.5966796875, 1795.4437255859375, 1696.1383056640625, 1943.3909912109375, 1864.643798828125, 1963.1468505859375, 2110.62939453125, 2198.8134765625, 2367.917724609375, 2361.11279296875, 1813.4017333984375]"
querosenedeaviacao,se,LagLlama,"[1471.787353515625, 1629.7276611328125, 1789.817138671875, 1695.5947265625, 1942.6500244140625, 1858.5904541015625, 1963.8681640625, 2101.234130859375, 2184.4951171875, 2365.715087890625, 2358.75830078125, 1818.804443359375]"
querosenedeaviacao,sp,LagLlama,"[295632.71875, 274707.375, 276802.59375, 263756.40625, 298193.9375, 300153.6875, 296204.21875, 308373.6875, 324890.1875, 350500.5625, 380666.71875, 328249.59375]"
querosenedeaviacao,sp,LagLlama,"[294762.3125, 273341.9375, 275892.21875, 263058.59375, 297687.375, 300138.1875, 295305.1875, 307517.28125, 324881.03125, 349861.0, 380825.1875, 327708.90625]"
querosenedeaviacao,to,LagLlama,"[695.4349365234375, 755.5355834960938, 779.2972412109375, 742.8474731445312, 849.8546142578125, 760.0921630859375, 776.5657958984375, 810.921875, 771.8003540039062, 831.8153076171875, 910.8762817382812, 655.5755004882812]"
querosenedeaviacao,to,LagLlama,"[694.6740112304688, 754.664794921875, 778.41748046875, 740.3882446289062, 850.4527587890625, 759.678466796875, 776.2920532226562, 810.0828247070312, 772.7463989257812, 832.3336181640625, 909.5919189453125, 656.8618774414062]"
